tanggal,provinsi,LAKI-LAKI,PEREMPUAN,tidak_diketahui
2022-02-04,DKI JAKARTA,447527,454794,10709
2022-02-04,JAWA BARAT,349557,368898,10095
2022-02-04,JAWA TENGAH,216734,252162,19553
2022-02-04,JAWA TIMUR,191397,208056,3802
2022-02-04,KALIMANTAN TIMUR,88315,69694,755
2022-02-04,DAERAH ISTIMEWA YOGYAKARTA,74967,82337,198
2022-02-04,BANTEN,73055,73382,289
2022-02-04,RIAU,63959,65137,16
2022-02-04,BALI,58880,57578,508
2022-02-04,SULAWESI SELATAN,50407,59688,189
2022-02-04,SUMATERA UTARA,50349,55898,312
2022-02-04,SUMATERA BARAT,39322,49307,1351
2022-02-04,KALIMANTAN SELATAN,35651,34304,276
2022-02-04,NUSA TENGGARA TIMUR,30399,34073,183
2022-02-04,SUMATERA SELATAN,29757,30166,249
2022-02-04,KEPULAUAN RIAU,28322,26558,48
2022-02-04,KEPULAUAN BANGKA BELITUNG,24474,27975,19
2022-02-04,LAMPUNG,21992,27902,63
2022-02-04,SULAWESI TENGAH,21254,26029,59
2022-02-04,KALIMANTAN TENGAH,22846,22728,168
2022-02-04,KALIMANTAN BARAT,20737,21159,48
2022-02-04,ACEH,18455,19978,32
2022-02-04,KALIMANTAN UTARA,19072,16614,310
2022-02-04,SULAWESI UTARA,16879,17984,108
2022-02-04,PAPUA,17393,15509,1814
2022-02-04,JAMBI,13483,14682,1677
2022-02-04,NUSA TENGGARA BARAT,13857,14043,17
2022-02-04,PAPUA BARAT,12583,11162,79
2022-02-04,BENGKULU,10413,12215,520
2022-02-04,SULAWESI TENGGARA,9938,10183,70
2022-02-04,MALUKU,7134,7461,132
2022-02-04,SULAWESI BARAT,5601,6776,3
2022-02-04,MALUKU UTARA,6074,5813,231
2022-02-04,GORONTALO,5707,6158,4
2022-01-29,DKI JAKARTA,442161,448601,10709
2022-01-29,JAWA BARAT,346408,365664,10092
2022-01-29,JAWA TENGAH,216521,251971,19553
2022-01-29,JAWA TIMUR,190885,207552,3802
2022-01-29,KALIMANTAN TIMUR,88258,69646,755
2022-01-29,DAERAH ISTIMEWA YOGYAKARTA,74872,82264,198
2022-01-29,BANTEN,71151,71221,289
2022-01-29,RIAU,63895,65105,16
2022-01-29,BALI,58343,56981,508
2022-01-29,SULAWESI SELATAN,50374,59652,189
2022-01-29,SUMATERA UTARA,50275,55805,312
2022-01-29,SUMATERA BARAT,39314,49279,1351
2022-01-29,KALIMANTAN SELATAN,35575,34234,276
2022-01-29,NUSA TENGGARA TIMUR,30375,34042,183
2022-01-29,SUMATERA SELATAN,29717,30125,249
2022-01-29,KEPULAUAN RIAU,28309,26532,48
2022-01-29,KEPULAUAN BANGKA BELITUNG,24462,27967,19
2022-01-29,LAMPUNG,21934,27853,63
2022-01-29,SULAWESI TENGAH,21247,26023,59
2022-01-29,KALIMANTAN TENGAH,22829,22709,168
2022-01-29,KALIMANTAN BARAT,20709,21142,48
2022-01-29,ACEH,18447,19970,32
2022-01-29,KALIMANTAN UTARA,19071,16614,310
2022-01-29,SULAWESI UTARA,16864,17971,108
2022-01-29,PAPUA,17321,15455,1814
2022-01-29,JAMBI,13464,14669,1677
2022-01-29,NUSA TENGGARA BARAT,13831,14028,17
2022-01-29,PAPUA BARAT,12569,11151,79
2022-01-29,BENGKULU,10408,12210,520
2022-01-29,SULAWESI TENGGARA,9935,10177,70
2022-01-29,MALUKU,7104,7421,132
2022-01-29,SULAWESI BARAT,5601,6774,3
2022-01-29,MALUKU UTARA,6073,5813,231
2022-01-29,GORONTALO,5706,6158,4
2022-01-29,DKI JAKARTA,442162,448600,10709
2022-01-29,JAWA BARAT,346406,365666,10092
2022-01-29,BANTEN,71148,71222,289
2022-01-29,BALI,58341,56982,508
2022-01-28,DKI JAKARTA,437367,443072,10709
2022-01-28,JAWA BARAT,343998,363249,10092
2022-01-28,JAWA TENGAH,216318,251785,19553
2022-01-28,JAWA TIMUR,190543,207213,3802
2022-01-28,KALIMANTAN TIMUR,88204,69603,755
2022-01-28,DAERAH ISTIMEWA YOGYAKARTA,74805,82209,198
2022-01-28,BANTEN,69391,69325,289
2022-01-28,RIAU,63875,65090,16
2022-01-28,BALI,58034,56662,508
2022-01-28,SULAWESI SELATAN,50357,59635,189
2022-01-28,SUMATERA UTARA,50222,55762,312
2022-01-28,SUMATERA BARAT,39301,49266,1351
2022-01-28,KALIMANTAN SELATAN,35541,34208,276
2022-01-28,NUSA TENGGARA TIMUR,30358,34006,183
2022-01-28,SUMATERA SELATAN,29694,30108,249
2022-01-28,KEPULAUAN RIAU,28295,26520,48
2022-01-28,KEPULAUAN BANGKA BELITUNG,24450,27960,19
2022-01-28,LAMPUNG,21921,27822,63
2022-01-28,SULAWESI TENGAH,21243,26018,59
2022-01-28,KALIMANTAN TENGAH,22826,22702,168
2022-01-28,KALIMANTAN BARAT,20695,21118,48
2022-01-28,ACEH,18444,19969,32
2022-01-28,KALIMANTAN UTARA,19070,16613,310
2022-01-28,SULAWESI UTARA,16838,17949,108
2022-01-28,PAPUA,17271,15414,1814
2022-01-28,JAMBI,13460,14666,1677
2022-01-28,NUSA TENGGARA BARAT,13824,14022,17
2022-01-28,PAPUA BARAT,12563,11145,79
2022-01-28,BENGKULU,10394,12202,520
2022-01-28,SULAWESI TENGGARA,9935,10175,70
2022-01-28,MALUKU,7084,7408,132
2022-01-28,SULAWESI BARAT,5601,6773,3
2022-01-28,MALUKU UTARA,6073,5812,231
2022-01-28,GORONTALO,5700,6157,4
2022-01-28,DKI JAKARTA,435390,440900,10709
2022-01-28,JAWA BARAT,343106,362408,10092
2022-01-28,JAWA TENGAH,216235,251732,19553
2022-01-28,JAWA TIMUR,190424,207082,3802
2022-01-28,KALIMANTAN TIMUR,88190,69587,755
2022-01-28,DAERAH ISTIMEWA YOGYAKARTA,74791,82198,198
2022-01-28,BANTEN,68749,68688,289
2022-01-28,RIAU,63867,65086,16
2022-01-28,BALI,57938,56551,508
2022-01-28,SULAWESI SELATAN,50344,59628,189
2022-01-28,SUMATERA UTARA,50206,55750,312
2022-01-28,SUMATERA BARAT,39297,49260,1351
2022-01-28,KALIMANTAN SELATAN,35534,34200,276
2022-01-28,NUSA TENGGARA TIMUR,30348,33993,183
2022-01-28,SUMATERA SELATAN,29687,30105,249
2022-01-28,KEPULAUAN RIAU,28290,26515,48
2022-01-28,KEPULAUAN BANGKA BELITUNG,24450,27958,19
2022-01-28,LAMPUNG,21920,27816,63
2022-01-28,SULAWESI TENGAH,21242,26016,59
2022-01-28,KALIMANTAN TENGAH,22825,22701,168
2022-01-28,KALIMANTAN BARAT,20686,21108,48
2022-01-28,ACEH,18443,19968,32
2022-01-28,SULAWESI UTARA,16833,17944,108
2022-01-28,PAPUA,17263,15407,1814
2022-01-28,JAMBI,13460,14664,1677
2022-01-28,NUSA TENGGARA BARAT,13821,14019,17
2022-01-28,PAPUA BARAT,12559,11141,79
2022-01-28,BENGKULU,10390,12198,520
2022-01-28,SULAWESI TENGGARA,9935,10174,70
2022-01-28,MALUKU,7078,7404,132
2022-01-28,SULAWESI BARAT,5600,6771,3
2022-01-28,GORONTALO,5699,6155,4
2022-01-21,DKI JAKARTA,429433,434554,10710
2022-01-21,JAWA BARAT,340580,359998,10092
2022-01-21,JAWA TENGAH,216082,251563,19553
2022-01-21,JAWA TIMUR,190051,206699,3802
2022-01-21,KALIMANTAN TIMUR,88132,69546,755
2022-01-21,DAERAH ISTIMEWA YOGYAKARTA,74745,82146,198
2022-01-21,BANTEN,66967,66861,289
2022-01-21,RIAU,63858,65078,16
2022-01-21,BALI,57750,56333,508
2022-01-21,SULAWESI SELATAN,50310,59602,189
2022-01-21,SUMATERA UTARA,50158,55707,312
2022-01-21,SUMATERA BARAT,39294,49241,1351
2022-01-21,KALIMANTAN SELATAN,35518,34184,276
2022-01-21,NUSA TENGGARA TIMUR,30281,33943,183
2022-01-21,SUMATERA SELATAN,29673,30085,249
2022-01-21,KEPULAUAN RIAU,28244,26486,48
2022-01-21,KEPULAUAN BANGKA BELITUNG,24434,27943,19
2022-01-21,LAMPUNG,21910,27799,63
2022-01-21,SULAWESI TENGAH,21228,26007,59
2022-01-21,KALIMANTAN TENGAH,22817,22696,168
2022-01-21,KALIMANTAN BARAT,20649,21062,48
2022-01-21,ACEH,18438,19966,32
2022-01-21,KALIMANTAN UTARA,19063,16601,310
2022-01-21,SULAWESI UTARA,16816,17926,108
2022-01-21,PAPUA,17228,15374,1814
2022-01-21,JAMBI,13458,14662,1677
2022-01-21,NUSA TENGGARA BARAT,13802,14007,17
2022-01-21,PAPUA BARAT,12547,11133,79
2022-01-21,BENGKULU,10390,12197,520
2022-01-21,SULAWESI TENGGARA,9932,10172,70
2022-01-21,MALUKU,7075,7397,132
2022-01-21,SULAWESI BARAT,5598,6770,3
2022-01-21,MALUKU UTARA,6072,5811,231
2022-01-21,GORONTALO,5696,6152,4
2022-01-20,DKI JAKARTA,428700,433767,10710
2022-01-20,JAWA BARAT,340317,359727,10092
2022-01-20,JAWA TENGAH,216070,251551,19553
2022-01-20,JAWA TIMUR,190010,206640,3802
2022-01-20,KALIMANTAN TIMUR,88124,69540,755
2022-01-20,DAERAH ISTIMEWA YOGYAKARTA,74742,82141,198
2022-01-20,BANTEN,66810,66664,289
2022-01-20,RIAU,63856,65077,16
2022-01-20,BALI,57725,56318,508
2022-01-20,SULAWESI SELATAN,50306,59598,189
2022-01-20,SUMATERA UTARA,50154,55705,312
2022-01-20,SUMATERA BARAT,39294,49240,1351
2022-01-20,KALIMANTAN SELATAN,35516,34180,276
2022-01-20,NUSA TENGGARA TIMUR,30258,33940,183
2022-01-20,SUMATERA SELATAN,29671,30084,249
2022-01-20,KEPULAUAN RIAU,28239,26484,48
2022-01-20,KEPULAUAN BANGKA BELITUNG,24432,27943,19
2022-01-20,LAMPUNG,21909,27797,63
2022-01-20,SULAWESI TENGAH,21227,26006,59
2022-01-20,KALIMANTAN TENGAH,22816,22693,168
2022-01-20,KALIMANTAN BARAT,20638,21054,48
2022-01-20,ACEH,18438,19966,32
2022-01-20,KALIMANTAN UTARA,19063,16601,310
2022-01-20,SULAWESI UTARA,16813,17925,108
2022-01-20,PAPUA,17226,15370,1814
2022-01-20,JAMBI,13457,14662,1677
2022-01-20,NUSA TENGGARA BARAT,13802,14007,17
2022-01-20,PAPUA BARAT,12545,11133,79
2022-01-20,BENGKULU,10390,12197,520
2022-01-20,SULAWESI TENGGARA,9932,10172,70
2022-01-20,MALUKU,7074,7395,132
2022-01-20,SULAWESI BARAT,5598,6770,3
2022-01-20,MALUKU UTARA,6072,5811,231
2022-01-20,GORONTALO,5696,6152,4
2022-01-16,DKI JAKARTA,427620,432594,10710
2022-01-16,JAWA BARAT,340011,359458,10092
2022-01-16,JAWA TENGAH,216041,251520,19553
2022-01-16,JAWA TIMUR,189948,206591,3802
2022-01-16,KALIMANTAN TIMUR,88109,69532,755
2022-01-16,DAERAH ISTIMEWA YOGYAKARTA,74735,82139,198
2022-01-16,BANTEN,66618,66467,289
2022-01-16,RIAU,63854,65075,16
2022-01-16,BALI,57699,56291,508
2022-01-16,SULAWESI SELATAN,50300,59593,189
2022-01-16,SUMATERA UTARA,50146,55698,312
2022-01-16,SUMATERA BARAT,39292,49239,1351
2022-01-16,KALIMANTAN SELATAN,35512,34175,276
2022-01-16,NUSA TENGGARA TIMUR,30234,33927,183
2022-01-16,SUMATERA SELATAN,29669,30082,249
2022-01-16,KEPULAUAN RIAU,28233,26480,48
2022-01-16,KEPULAUAN BANGKA BELITUNG,24426,27937,19
2022-01-16,LAMPUNG,21907,27796,63
2022-01-16,SULAWESI TENGAH,21224,26004,59
2022-01-16,KALIMANTAN TENGAH,22816,22693,168
2022-01-16,KALIMANTAN BARAT,20631,21051,48
2022-01-16,ACEH,18438,19966,32
2022-01-16,KALIMANTAN UTARA,19061,16600,310
2022-01-16,SULAWESI UTARA,16810,17921,108
2022-01-16,PAPUA,17221,15364,1814
2022-01-16,JAMBI,13456,14662,1677
2022-01-16,NUSA TENGGARA BARAT,13800,14006,17
2022-01-16,PAPUA BARAT,12544,11131,79
2022-01-16,BENGKULU,10390,12197,520
2022-01-16,SULAWESI TENGGARA,9932,10172,70
2022-01-16,MALUKU,7073,7394,132
2022-01-16,SULAWESI BARAT,5598,6770,3
2022-01-16,MALUKU UTARA,6072,5811,231
2022-01-16,GORONTALO,5696,6152,4
2022-01-16,JAWA BARAT,340009,359458,10092
2022-01-16,JAWA TIMUR,189947,206591,3802
2022-01-16,BANTEN,66615,66466,289
2022-01-16,BALI,57698,56291,508
2022-01-16,SULAWESI UTARA,16810,17920,108
2022-01-16,JAWA BARAT,340008,359458,10092
2022-01-16,JAWA TIMUR,189948,206590,3802
2022-01-16,BANTEN,66610,66466,289
2022-01-15,DKI JAKARTA,427349,432303,10710
2022-01-15,JAWA BARAT,339983,359440,10092
2022-01-15,JAWA TENGAH,216037,251508,19553
2022-01-15,JAWA TIMUR,189945,206588,3802
2022-01-15,KALIMANTAN TIMUR,88107,69531,755
2022-01-15,DAERAH ISTIMEWA YOGYAKARTA,74734,82135,198
2022-01-15,BANTEN,66601,66450,289
2022-01-15,RIAU,63854,65075,16
2022-01-15,BALI,57692,56286,508
2022-01-15,SULAWESI SELATAN,50298,59592,189
2022-01-15,SUMATERA UTARA,50146,55698,312
2022-01-15,SUMATERA BARAT,39291,49239,1351
2022-01-15,KALIMANTAN SELATAN,35512,34175,276
2022-01-15,NUSA TENGGARA TIMUR,30230,33923,183
2022-01-15,SUMATERA SELATAN,29669,30082,249
2022-01-15,KEPULAUAN RIAU,28232,26477,48
2022-01-15,KEPULAUAN BANGKA BELITUNG,24426,27937,19
2022-01-15,LAMPUNG,21907,27796,63
2022-01-15,SULAWESI TENGAH,21224,26004,59
2022-01-15,KALIMANTAN TENGAH,22816,22693,168
2022-01-15,KALIMANTAN BARAT,20627,21050,48
2022-01-15,ACEH,18438,19966,32
2022-01-15,KALIMANTAN UTARA,19061,16600,310
2022-01-15,SULAWESI UTARA,16810,17919,108
2022-01-15,PAPUA,17220,15363,1814
2022-01-15,JAMBI,13456,14662,1677
2022-01-15,NUSA TENGGARA BARAT,13799,14006,17
2022-01-15,PAPUA BARAT,12544,11131,79
2022-01-15,BENGKULU,10390,12197,520
2022-01-15,SULAWESI TENGGARA,9932,10172,70
2022-01-15,MALUKU,7073,7394,132
2022-01-15,SULAWESI BARAT,5598,6770,3
2022-01-15,MALUKU UTARA,6072,5809,231
2022-01-15,GORONTALO,5696,6152,4
2022-01-15,DKI JAKARTA,426686,431692,10710
2022-01-15,JAWA BARAT,339903,359351,10091
2022-01-15,JAWA TENGAH,216027,251503,19553
2022-01-15,JAWA TIMUR,189932,206572,3802
2022-01-15,KALIMANTAN TIMUR,88097,69527,755
2022-01-15,DAERAH ISTIMEWA YOGYAKARTA,74731,82131,198
2022-01-15,BANTEN,66539,66361,289
2022-01-15,RIAU,63854,65074,16
2022-01-15,BALI,57687,56282,508
2022-01-15,SULAWESI SELATAN,50291,59588,189
2022-01-15,SUMATERA UTARA,50146,55697,312
2022-01-15,KALIMANTAN SELATAN,35512,34174,276
2022-01-15,NUSA TENGGARA TIMUR,30224,33917,183
2022-01-15,SUMATERA SELATAN,29668,30082,249
2022-01-15,KEPULAUAN RIAU,28226,26475,48
2022-01-15,KEPULAUAN BANGKA BELITUNG,24426,27935,19
2022-01-15,LAMPUNG,21906,27794,63
2022-01-15,SULAWESI TENGAH,21223,26000,59
2022-01-15,KALIMANTAN TENGAH,22815,22692,168
2022-01-15,KALIMANTAN BARAT,20621,21047,48
2022-01-15,KALIMANTAN UTARA,19059,16596,310
2022-01-15,SULAWESI UTARA,16809,17914,108
2022-01-15,PAPUA,17217,15363,1814
2022-01-15,JAMBI,13455,14662,1677
2022-01-15,NUSA TENGGARA BARAT,13798,14004,17
2022-01-15,PAPUA BARAT,12543,11130,79
2022-01-15,MALUKU,7071,7394,132
2022-01-15,MALUKU UTARA,6070,5809,231
2022-01-15,GORONTALO,5696,6150,4
2022-01-13,DKI JAKARTA,426686,431692,10710
2022-01-13,JAWA BARAT,339882,359319,10091
2022-01-13,JAWA TENGAH,216028,251502,19553
2022-01-13,JAWA TIMUR,189928,206561,3802
2022-01-13,KALIMANTAN TIMUR,88095,69527,755
2022-01-13,DAERAH ISTIMEWA YOGYAKARTA,74730,82130,198
2022-01-13,BANTEN,66522,66333,289
2022-01-13,RIAU,63854,65074,16
2022-01-13,BALI,57685,56277,508
2022-01-13,SULAWESI SELATAN,50290,59587,189
2022-01-13,SUMATERA UTARA,50146,55694,312
2022-01-13,SUMATERA BARAT,39291,49239,1351
2022-01-13,KALIMANTAN SELATAN,35512,34174,276
2022-01-13,NUSA TENGGARA TIMUR,30223,33913,183
2022-01-13,SUMATERA SELATAN,29668,30082,249
2022-01-13,KEPULAUAN RIAU,28223,26473,48
2022-01-13,KEPULAUAN BANGKA BELITUNG,24426,27935,19
2022-01-13,LAMPUNG,21904,27790,63
2022-01-13,SULAWESI TENGAH,21223,25999,59
2022-01-13,KALIMANTAN TENGAH,22814,22692,168
2022-01-13,KALIMANTAN BARAT,20621,21047,48
2022-01-13,ACEH,18438,19965,32
2022-01-13,KALIMANTAN UTARA,19059,16596,310
2022-01-13,SULAWESI UTARA,16809,17914,108
2022-01-13,PAPUA,17216,15363,1814
2022-01-13,JAMBI,13455,14662,1677
2022-01-13,NUSA TENGGARA BARAT,13798,14003,17
2022-01-13,PAPUA BARAT,12542,11129,79
2022-01-13,BENGKULU,10390,12197,520
2022-01-13,SULAWESI TENGGARA,9932,10172,70
2022-01-13,MALUKU,7071,7393,132
2022-01-13,SULAWESI BARAT,5598,6770,3
2022-01-13,MALUKU UTARA,6070,5809,231
2022-01-13,GORONTALO,5696,6150,4
2022-01-13,DKI JAKARTA,426686,431691,10711
2022-01-13,DKI JAKARTA,426444,431455,10711
2022-01-13,JAWA BARAT,339834,359280,10091
2022-01-13,JAWA TENGAH,216019,251492,19553
2022-01-13,JAWA TIMUR,189920,206546,3802
2022-01-13,KALIMANTAN TIMUR,88087,69522,755
2022-01-13,DAERAH ISTIMEWA YOGYAKARTA,74727,82126,198
2022-01-13,BANTEN,66503,66298,289
2022-01-13,RIAU,63853,65073,16
2022-01-13,BALI,57670,56267,508
2022-01-13,SULAWESI SELATAN,50279,59581,189
2022-01-13,SUMATERA UTARA,50144,55691,312
2022-01-13,SUMATERA BARAT,39288,49239,1351
2022-01-13,NUSA TENGGARA TIMUR,30223,33911,183
2022-01-13,SUMATERA SELATAN,29667,30081,249
2022-01-13,KEPULAUAN RIAU,28209,26467,48
2022-01-13,KEPULAUAN BANGKA BELITUNG,24426,27934,19
2022-01-13,SULAWESI TENGAH,21220,25996,59
2022-01-13,KALIMANTAN BARAT,20618,21044,48
2022-01-13,KALIMANTAN UTARA,19058,16596,310
2022-01-13,SULAWESI UTARA,16805,17913,108
2022-01-13,PAPUA,17214,15363,1814
2022-01-13,PAPUA BARAT,12531,11129,79
2022-01-11,DKI JAKARTA,426148,431111,10711
2022-01-11,JAWA BARAT,339714,359148,10091
2022-01-11,JAWA TENGAH,215958,251417,19553
2022-01-11,JAWA TIMUR,189838,206494,3802
2022-01-11,KALIMANTAN TIMUR,88057,69508,755
2022-01-11,DAERAH ISTIMEWA YOGYAKARTA,74686,82066,198
2022-01-11,BANTEN,66448,66240,289
2022-01-11,RIAU,63848,65061,16
2022-01-11,BALI,57642,56238,508
2022-01-11,SULAWESI SELATAN,50257,59559,189
2022-01-11,SUMATERA UTARA,50129,55675,312
2022-01-11,SUMATERA BARAT,39276,49231,1351
2022-01-11,KALIMANTAN SELATAN,35506,34165,276
2022-01-11,NUSA TENGGARA TIMUR,30209,33896,183
2022-01-11,SUMATERA SELATAN,29659,30077,249
2022-01-11,KEPULAUAN RIAU,28201,26458,48
2022-01-11,KEPULAUAN BANGKA BELITUNG,24410,27925,19
2022-01-11,LAMPUNG,21903,27784,63
2022-01-11,SULAWESI TENGAH,21213,25989,59
2022-01-11,KALIMANTAN TENGAH,22809,22685,168
2022-01-11,KALIMANTAN BARAT,20605,21035,48
2022-01-11,ACEH,18429,19957,32
2022-01-11,KALIMANTAN UTARA,19049,16586,310
2022-01-11,SULAWESI UTARA,16798,17910,107
2022-01-11,PAPUA,17196,15358,1814
2022-01-11,JAMBI,13453,14661,1677
2022-01-11,NUSA TENGGARA BARAT,13795,13997,17
2022-01-11,PAPUA BARAT,12513,11125,79
2022-01-11,BENGKULU,10390,12197,520
2022-01-11,SULAWESI TENGGARA,9930,10171,70
2022-01-11,MALUKU,7068,7393,132
2022-01-11,SULAWESI BARAT,5597,6765,3
2022-01-11,MALUKU UTARA,6068,5808,231
2022-01-11,GORONTALO,5695,6147,4
2022-01-08,DKI JAKARTA,425675,430523,10711
2022-01-08,JAWA BARAT,339743,359198,10091
2022-01-08,JAWA TENGAH,215984,251478,19553
2022-01-08,JAWA TIMUR,189877,206519,3801
2022-01-08,KALIMANTAN TIMUR,88077,69518,755
2022-01-08,DAERAH ISTIMEWA YOGYAKARTA,74715,82111,198
2022-01-08,BANTEN,66435,66227,289
2022-01-08,RIAU,63851,65072,16
2022-01-08,BALI,57657,56255,508
2022-01-08,SULAWESI SELATAN,50275,59566,189
2022-01-08,SUMATERA UTARA,50136,55690,312
2022-01-08,SUMATERA BARAT,39286,49237,1351
2022-01-08,KALIMANTAN SELATAN,35512,34173,276
2022-01-08,NUSA TENGGARA TIMUR,30216,33898,183
2022-01-08,SUMATERA SELATAN,29662,30079,249
2022-01-08,KEPULAUAN RIAU,28139,26428,48
2022-01-08,KEPULAUAN BANGKA BELITUNG,24422,27932,19
2022-01-08,LAMPUNG,21904,27790,63
2022-01-08,SULAWESI TENGAH,21218,25995,59
2022-01-08,KALIMANTAN TENGAH,22812,22691,168
2022-01-08,KALIMANTAN BARAT,20611,21036,48
2022-01-08,ACEH,18436,19964,32
2022-01-08,KALIMANTAN UTARA,19058,16595,310
2022-01-08,SULAWESI UTARA,16802,17909,108
2022-01-08,PAPUA,17211,15361,1814
2022-01-08,JAMBI,13454,14662,1677
2022-01-08,NUSA TENGGARA BARAT,13795,14000,17
2022-01-08,PAPUA BARAT,12527,11128,79
2022-01-08,BENGKULU,10390,12196,520
2022-01-08,SULAWESI TENGGARA,9932,10171,70
2022-01-08,MALUKU,7071,7393,132
2022-01-08,SULAWESI BARAT,5598,6769,3
2022-01-08,MALUKU UTARA,6066,5809,231
2022-01-08,GORONTALO,5696,6150,4
2022-01-08,DKI JAKARTA,425520,430349,10626
2022-01-08,JAWA BARAT,339704,359150,10091
2022-01-08,JAWA TENGAH,215964,251461,19553
2022-01-08,JAWA TIMUR,189842,206497,3801
2022-01-08,KALIMANTAN TIMUR,88076,69516,755
2022-01-08,DAERAH ISTIMEWA YOGYAKARTA,74712,82101,198
2022-01-08,BANTEN,66406,66202,289
2022-01-08,RIAU,63850,65071,16
2022-01-08,BALI,57645,56251,508
2022-01-08,SULAWESI SELATAN,50268,59559,189
2022-01-08,SUMATERA UTARA,50134,55689,312
2022-01-08,KALIMANTAN SELATAN,35510,34172,276
2022-01-08,NUSA TENGGARA TIMUR,30212,33893,183
2022-01-08,SUMATERA SELATAN,29662,30078,249
2022-01-08,KEPULAUAN RIAU,28050,26402,48
2022-01-08,KEPULAUAN BANGKA BELITUNG,24415,27930,19
2022-01-08,SULAWESI TENGAH,21213,25992,59
2022-01-08,KALIMANTAN TENGAH,22809,22687,168
2022-01-08,KALIMANTAN BARAT,20607,21033,48
2022-01-08,ACEH,18436,19963,32
2022-01-08,KALIMANTAN UTARA,19057,16592,310
2022-01-08,SULAWESI UTARA,16797,17905,108
2022-01-08,PAPUA,17209,15355,1814
2022-01-08,NUSA TENGGARA BARAT,13795,13999,17
2022-01-08,PAPUA BARAT,12506,11126,79
2022-01-07,DKI JAKARTA,425386,430205,10626
2022-01-07,JAWA BARAT,339699,359143,10091
2022-01-07,JAWA TENGAH,215959,251456,19553
2022-01-07,JAWA TIMUR,189836,206492,3801
2022-01-07,KALIMANTAN TIMUR,88075,69516,755
2022-01-07,DAERAH ISTIMEWA YOGYAKARTA,74712,82101,198
2022-01-07,BANTEN,66394,66190,289
2022-01-07,RIAU,63850,65071,16
2022-01-07,BALI,57643,56251,508
2022-01-07,SULAWESI SELATAN,50267,59559,189
2022-01-07,SUMATERA UTARA,50134,55689,312
2022-01-07,SUMATERA BARAT,39286,49236,1351
2022-01-07,KALIMANTAN SELATAN,35510,34172,276
2022-01-07,NUSA TENGGARA TIMUR,30211,33891,183
2022-01-07,SUMATERA SELATAN,29662,30078,249
2022-01-07,KEPULAUAN RIAU,28015,26382,48
2022-01-07,KEPULAUAN BANGKA BELITUNG,24415,27930,19
2022-01-07,LAMPUNG,21903,27790,63
2022-01-07,SULAWESI TENGAH,21216,25989,59
2022-01-07,KALIMANTAN TENGAH,22809,22685,168
2022-01-07,KALIMANTAN BARAT,20606,21031,48
2022-01-07,ACEH,18436,19963,32
2022-01-07,KALIMANTAN UTARA,19057,16591,310
2022-01-07,SULAWESI UTARA,16796,17904,108
2022-01-07,PAPUA,17209,15355,1814
2022-01-07,JAMBI,13454,14662,1677
2022-01-07,NUSA TENGGARA BARAT,13795,13999,17
2022-01-07,PAPUA BARAT,12495,11126,79
2022-01-07,BENGKULU,10390,12196,520
2022-01-07,SULAWESI TENGGARA,9932,10171,70
2022-01-07,MALUKU,7071,7393,132
2022-01-07,SULAWESI BARAT,5597,6769,3
2022-01-07,MALUKU UTARA,6065,5809,231
2022-01-07,GORONTALO,5696,6150,4
2022-01-07,DKI JAKARTA,425386,430204,10626
2022-01-07,JAWA TIMUR,189835,206492,3801
2022-01-07,BANTEN,66395,66189,289
2022-01-07,SULAWESI SELATAN,50267,59558,189
2022-01-07,KEPULAUAN RIAU,28014,26382,48
2022-01-03,DKI JAKARTA,425173,429889,10626
2022-01-03,JAWA BARAT,339682,359116,10091
2022-01-03,JAWA TENGAH,215941,251440,19553
2022-01-03,JAWA TIMUR,189817,206481,3801
2022-01-03,KALIMANTAN TIMUR,88073,69511,755
2022-01-03,DAERAH ISTIMEWA YOGYAKARTA,74711,82099,198
2022-01-03,BANTEN,66380,66179,289
2022-01-03,RIAU,63850,65070,16
2022-01-03,BALI,57642,56247,508
2022-01-03,SULAWESI SELATAN,50263,59555,189
2022-01-03,SUMATERA UTARA,50127,55689,312
2022-01-03,SUMATERA BARAT,39286,49236,1351
2022-01-03,KALIMANTAN SELATAN,35509,34172,276
2022-01-03,NUSA TENGGARA TIMUR,30202,33878,183
2022-01-03,SUMATERA SELATAN,29662,30077,249
2022-01-03,KEPULAUAN RIAU,27920,26340,48
2022-01-03,KEPULAUAN BANGKA BELITUNG,24414,27929,19
2022-01-03,LAMPUNG,21903,27786,63
2022-01-03,SULAWESI TENGAH,21213,25986,59
2022-01-03,KALIMANTAN TENGAH,22809,22684,168
2022-01-03,KALIMANTAN BARAT,20602,21026,48
2022-01-03,ACEH,18436,19963,32
2022-01-03,KALIMANTAN UTARA,19051,16587,310
2022-01-03,SULAWESI UTARA,16793,17902,108
2022-01-03,PAPUA,17207,15355,1814
2022-01-03,JAMBI,13453,14662,1677
2022-01-03,NUSA TENGGARA BARAT,13794,13999,17
2022-01-03,PAPUA BARAT,12480,11125,79
2022-01-03,BENGKULU,10390,12196,520
2022-01-03,SULAWESI TENGGARA,9932,10171,70
2022-01-03,MALUKU,7071,7393,132
2022-01-03,SULAWESI BARAT,5596,6769,3
2022-01-03,MALUKU UTARA,6065,5809,231
2022-01-03,GORONTALO,5695,6150,4
2022-01-03,DKI JAKARTA,425172,429889,10627
2022-01-03,DKI JAKARTA,425173,429888,10627
2022-01-03,DKI JAKARTA,425080,429793,10627
2022-01-03,JAWA BARAT,339654,359094,10091
2022-01-03,JAWA TENGAH,215924,251424,19553
2022-01-03,JAWA TIMUR,189795,206467,3801
2022-01-03,KALIMANTAN TIMUR,88066,69507,755
2022-01-03,DAERAH ISTIMEWA YOGYAKARTA,74698,82095,198
2022-01-03,BANTEN,66372,66169,289
2022-01-03,RIAU,63849,65067,16
2022-01-03,BALI,57633,56241,508
2022-01-03,SULAWESI SELATAN,50260,59549,189
2022-01-03,SUMATERA UTARA,50123,55687,312
2022-01-03,SUMATERA BARAT,39284,49234,1351
2022-01-03,KALIMANTAN SELATAN,35509,34168,276
2022-01-03,NUSA TENGGARA TIMUR,30194,33874,183
2022-01-03,SUMATERA SELATAN,29660,30076,249
2022-01-03,KEPULAUAN RIAU,27907,26333,48
2022-01-03,KEPULAUAN BANGKA BELITUNG,24409,27929,19
2022-01-03,SULAWESI TENGAH,21212,25983,59
2022-01-03,KALIMANTAN TENGAH,22808,22683,168
2022-01-03,KALIMANTAN BARAT,20598,21024,48
2022-01-03,KALIMANTAN UTARA,19049,16584,310
2022-01-03,SULAWESI UTARA,16792,17902,108
2022-01-03,PAPUA,17203,15351,1814
2022-01-03,JAMBI,13453,14661,1677
2022-01-03,PAPUA BARAT,12472,11125,79
2022-01-03,SULAWESI BARAT,5595,6768,3
2022-01-01,DKI JAKARTA,425046,429741,10628
2022-01-01,JAWA BARAT,339668,359108,10091
2022-01-01,JAWA TENGAH,215935,251434,19553
2022-01-01,JAWA TIMUR,189810,206470,3801
2022-01-01,KALIMANTAN TIMUR,88071,69508,755
2022-01-01,DAERAH ISTIMEWA YOGYAKARTA,74710,82096,198
2022-01-01,BANTEN,66373,66171,289
2022-01-01,RIAU,63850,65069,16
2022-01-01,BALI,57640,56242,508
2022-01-01,SULAWESI SELATAN,50262,59554,189
2022-01-01,SUMATERA UTARA,50125,55688,312
2022-01-01,SUMATERA BARAT,39286,49236,1351
2022-01-01,KALIMANTAN SELATAN,35509,34170,276
2022-01-01,NUSA TENGGARA TIMUR,30195,33876,183
2022-01-01,SUMATERA SELATAN,29661,30075,249
2022-01-01,KEPULAUAN RIAU,27887,26329,48
2022-01-01,KEPULAUAN BANGKA BELITUNG,24412,27929,19
2022-01-01,LAMPUNG,21903,27786,63
2022-01-01,SULAWESI TENGAH,21212,25985,59
2022-01-01,KALIMANTAN TENGAH,22809,22684,168
2022-01-01,KALIMANTAN BARAT,20601,21025,48
2022-01-01,ACEH,18435,19963,32
2022-01-01,KALIMANTAN UTARA,19049,16587,310
2022-01-01,SULAWESI UTARA,16792,17902,108
2022-01-01,PAPUA,17207,15353,1814
2022-01-01,JAMBI,13452,14662,1677
2022-01-01,NUSA TENGGARA BARAT,13794,13998,17
2022-01-01,PAPUA BARAT,12469,11124,79
2022-01-01,BENGKULU,10390,12196,520
2022-01-01,SULAWESI TENGGARA,9932,10171,70
2022-01-01,MALUKU,7071,7393,132
2022-01-01,SULAWESI BARAT,5596,6769,3
2022-01-01,MALUKU UTARA,6065,5809,231
2022-01-01,GORONTALO,5695,6150,4
2021-12-31,DKI JAKARTA,424987,429682,10628
2021-12-31,JAWA BARAT,339661,359097,10091
2021-12-31,JAWA TENGAH,215932,251431,19553
2021-12-31,JAWA TIMUR,189802,206463,3801
2021-12-31,KALIMANTAN TIMUR,88070,69507,755
2021-12-31,DAERAH ISTIMEWA YOGYAKARTA,74707,82092,198
2021-12-31,BANTEN,66368,66168,289
2021-12-31,RIAU,63849,65069,16
2021-12-31,BALI,57638,56241,508
2021-12-31,SULAWESI SELATAN,50260,59551,189
2021-12-31,SUMATERA UTARA,50124,55687,312
2021-12-31,SUMATERA BARAT,39286,49236,1351
2021-12-31,KALIMANTAN SELATAN,35509,34168,276
2021-12-31,NUSA TENGGARA TIMUR,30194,33876,183
2021-12-31,SUMATERA SELATAN,29661,30075,249
2021-12-31,KEPULAUAN RIAU,27849,26315,48
2021-12-31,KEPULAUAN BANGKA BELITUNG,24411,27929,19
2021-12-31,LAMPUNG,21903,27785,63
2021-12-31,SULAWESI TENGAH,21211,25983,59
2021-12-31,KALIMANTAN TENGAH,22808,22684,168
2021-12-31,KALIMANTAN BARAT,20599,21024,48
2021-12-31,ACEH,18435,19963,32
2021-12-31,KALIMANTAN UTARA,19046,16584,310
2021-12-31,SULAWESI UTARA,16792,17899,108
2021-12-31,PAPUA,17207,15353,1814
2021-12-31,JAMBI,13452,14662,1677
2021-12-31,NUSA TENGGARA BARAT,13793,13997,17
2021-12-31,PAPUA BARAT,12457,11123,79
2021-12-31,BENGKULU,10390,12196,520
2021-12-31,SULAWESI TENGGARA,9932,10171,70
2021-12-31,MALUKU,7071,7393,132
2021-12-31,SULAWESI BARAT,5596,6769,3
2021-12-31,MALUKU UTARA,6065,5809,231
2021-12-31,GORONTALO,5695,6150,4
2021-12-30,DKI JAKARTA,424941,429641,10628
2021-12-30,JAWA BARAT,339653,359088,10091
2021-12-30,JAWA TENGAH,215927,251427,19553
2021-12-30,JAWA TIMUR,189792,206455,3801
2021-12-30,KALIMANTAN TIMUR,88070,69507,755
2021-12-30,DAERAH ISTIMEWA YOGYAKARTA,74705,82088,198
2021-12-30,BANTEN,66367,66166,289
2021-12-30,RIAU,63845,65068,16
2021-12-30,BALI,57635,56241,508
2021-12-30,SULAWESI SELATAN,50259,59551,189
2021-12-30,SUMATERA UTARA,50120,55685,312
2021-12-30,SUMATERA BARAT,39286,49235,1351
2021-12-30,KALIMANTAN SELATAN,35509,34168,276
2021-12-30,NUSA TENGGARA TIMUR,30190,33876,183
2021-12-30,SUMATERA SELATAN,29661,30075,249
2021-12-30,KEPULAUAN RIAU,27847,26314,48
2021-12-30,KEPULAUAN BANGKA BELITUNG,24411,27929,19
2021-12-30,LAMPUNG,21903,27785,63
2021-12-30,SULAWESI TENGAH,21210,25982,59
2021-12-30,KALIMANTAN TENGAH,22808,22683,168
2021-12-30,KALIMANTAN BARAT,20599,21023,48
2021-12-30,ACEH,18434,19963,32
2021-12-30,KALIMANTAN UTARA,19046,16584,310
2021-12-30,SULAWESI UTARA,16791,17898,108
2021-12-30,PAPUA,17207,15353,1814
2021-12-30,JAMBI,13451,14662,1677
2021-12-30,NUSA TENGGARA BARAT,13792,13997,17
2021-12-30,PAPUA BARAT,12456,11122,79
2021-12-30,BENGKULU,10390,12196,520
2021-12-30,SULAWESI TENGGARA,9932,10170,70
2021-12-30,MALUKU,7071,7393,132
2021-12-30,SULAWESI BARAT,5596,6769,3
2021-12-30,MALUKU UTARA,6065,5809,231
2021-12-30,GORONTALO,5695,6150,4
2021-12-29,DKI JAKARTA,424911,429618,10628
2021-12-29,JAWA BARAT,339642,359083,10091
2021-12-29,JAWA TENGAH,215919,251418,19553
2021-12-29,JAWA TIMUR,189782,206446,3801
2021-12-29,KALIMANTAN TIMUR,88070,69506,755
2021-12-29,DAERAH ISTIMEWA YOGYAKARTA,74702,82087,198
2021-12-29,BANTEN,66364,66163,289
2021-12-29,RIAU,63845,65068,16
2021-12-29,BALI,57633,56240,508
2021-12-29,SULAWESI SELATAN,50258,59548,189
2021-12-29,SUMATERA UTARA,50117,55685,312
2021-12-29,SUMATERA BARAT,39285,49234,1351
2021-12-29,KALIMANTAN SELATAN,35509,34168,276
2021-12-29,NUSA TENGGARA TIMUR,30190,33872,183
2021-12-29,SUMATERA SELATAN,29660,30075,249
2021-12-29,KEPULAUAN RIAU,27844,26311,48
2021-12-29,KEPULAUAN BANGKA BELITUNG,24410,27929,19
2021-12-29,LAMPUNG,21903,27785,63
2021-12-29,SULAWESI TENGAH,21209,25981,59
2021-12-29,KALIMANTAN TENGAH,22807,22682,168
2021-12-29,KALIMANTAN BARAT,20596,21021,48
2021-12-29,ACEH,18434,19962,32
2021-12-29,KALIMANTAN UTARA,19045,16583,310
2021-12-29,SULAWESI UTARA,16790,17896,108
2021-12-29,PAPUA,17206,15352,1814
2021-12-29,JAMBI,13451,14662,1677
2021-12-29,NUSA TENGGARA BARAT,13791,13997,17
2021-12-29,PAPUA BARAT,12431,11118,79
2021-12-29,BENGKULU,10390,12196,520
2021-12-29,SULAWESI TENGGARA,9932,10170,70
2021-12-29,MALUKU,7071,7392,132
2021-12-29,SULAWESI BARAT,5596,6769,3
2021-12-29,MALUKU UTARA,6065,5809,231
2021-12-29,GORONTALO,5695,6150,4
2021-12-28,DKI JAKARTA,424896,429606,10628
2021-12-28,JAWA BARAT,339627,359062,10091
2021-12-28,JAWA TENGAH,215915,251414,19553
2021-12-28,JAWA TIMUR,189773,206439,3801
2021-12-28,KALIMANTAN TIMUR,88066,69506,755
2021-12-28,DAERAH ISTIMEWA YOGYAKARTA,74702,82086,198
2021-12-28,BANTEN,66363,66159,289
2021-12-28,RIAU,63841,65066,16
2021-12-28,BALI,57632,56239,508
2021-12-28,SULAWESI SELATAN,50257,59548,189
2021-12-28,SUMATERA UTARA,50116,55684,312
2021-12-28,SUMATERA BARAT,39285,49234,1351
2021-12-28,KALIMANTAN SELATAN,35509,34168,276
2021-12-28,NUSA TENGGARA TIMUR,30189,33871,183
2021-12-28,SUMATERA SELATAN,29660,30075,249
2021-12-28,KEPULAUAN RIAU,27823,26307,48
2021-12-28,KEPULAUAN BANGKA BELITUNG,24410,27928,19
2021-12-28,LAMPUNG,21903,27785,63
2021-12-28,SULAWESI TENGAH,21208,25980,59
2021-12-28,KALIMANTAN TENGAH,22807,22682,168
2021-12-28,KALIMANTAN BARAT,20595,21021,48
2021-12-28,ACEH,18434,19962,32
2021-12-28,KALIMANTAN UTARA,19045,16581,310
2021-12-28,SULAWESI UTARA,16790,17894,108
2021-12-28,PAPUA,17206,15352,1814
2021-12-28,JAMBI,13449,14661,1677
2021-12-28,NUSA TENGGARA BARAT,13790,13997,17
2021-12-28,PAPUA BARAT,12400,11105,79
2021-12-28,BENGKULU,10390,12196,520
2021-12-28,SULAWESI TENGGARA,9932,10169,70
2021-12-28,MALUKU,7070,7392,132
2021-12-28,SULAWESI BARAT,5596,6769,3
2021-12-28,MALUKU UTARA,6065,5809,231
2021-12-28,GORONTALO,5695,6150,4
2021-12-27,DKI JAKARTA,424835,429571,10628
2021-12-27,JAWA BARAT,339622,359052,10091
2021-12-27,JAWA TENGAH,215903,251411,19553
2021-12-27,JAWA TIMUR,189760,206429,3801
2021-12-27,KALIMANTAN TIMUR,88065,69504,755
2021-12-27,DAERAH ISTIMEWA YOGYAKARTA,74700,82085,198
2021-12-27,BANTEN,66359,66156,289
2021-12-27,RIAU,63840,65066,16
2021-12-27,BALI,57631,56235,508
2021-12-27,SULAWESI SELATAN,50252,59543,189
2021-12-27,SUMATERA UTARA,50113,55684,312
2021-12-27,SUMATERA BARAT,39285,49234,1351
2021-12-27,KALIMANTAN SELATAN,35508,34167,276
2021-12-27,NUSA TENGGARA TIMUR,30187,33867,183
2021-12-27,SUMATERA SELATAN,29658,30074,249
2021-12-27,KEPULAUAN RIAU,27788,26292,48
2021-12-27,KEPULAUAN BANGKA BELITUNG,24410,27926,19
2021-12-27,LAMPUNG,21903,27785,63
2021-12-27,SULAWESI TENGAH,21207,25979,59
2021-12-27,KALIMANTAN TENGAH,22807,22679,168
2021-12-27,KALIMANTAN BARAT,20594,21020,48
2021-12-27,ACEH,18434,19962,32
2021-12-27,KALIMANTAN UTARA,19045,16581,310
2021-12-27,SULAWESI UTARA,16790,17893,108
2021-12-27,PAPUA,17205,15352,1814
2021-12-27,JAMBI,13449,14660,1677
2021-12-27,NUSA TENGGARA BARAT,13789,13995,17
2021-12-27,PAPUA BARAT,12387,11103,79
2021-12-27,BENGKULU,10390,12196,520
2021-12-27,SULAWESI TENGGARA,9929,10168,70
2021-12-27,MALUKU,7070,7392,132
2021-12-27,SULAWESI BARAT,5596,6769,3
2021-12-27,MALUKU UTARA,6065,5809,231
2021-12-27,GORONTALO,5695,6150,4
2021-12-26,DKI JAKARTA,424814,429550,10628
2021-12-26,JAWA BARAT,339618,359050,10091
2021-12-26,JAWA TENGAH,215901,251405,19553
2021-12-26,JAWA TIMUR,189755,206425,3801
2021-12-26,KALIMANTAN TIMUR,88064,69502,755
2021-12-26,DAERAH ISTIMEWA YOGYAKARTA,74699,82083,198
2021-12-26,BANTEN,66358,66154,289
2021-12-26,RIAU,63837,65064,16
2021-12-26,BALI,57629,56232,508
2021-12-26,SULAWESI SELATAN,50252,59543,189
2021-12-26,SUMATERA UTARA,50111,55684,312
2021-12-26,SUMATERA BARAT,39285,49234,1351
2021-12-26,KALIMANTAN SELATAN,35506,34167,276
2021-12-26,NUSA TENGGARA TIMUR,30187,33864,183
2021-12-26,SUMATERA SELATAN,29658,30074,249
2021-12-26,KEPULAUAN RIAU,27786,26286,48
2021-12-26,KEPULAUAN BANGKA BELITUNG,24410,27925,19
2021-12-26,LAMPUNG,21903,27785,63
2021-12-26,SULAWESI TENGAH,21205,25977,59
2021-12-26,KALIMANTAN TENGAH,22806,22678,168
2021-12-26,KALIMANTAN BARAT,20594,21019,48
2021-12-26,ACEH,18433,19962,32
2021-12-26,KALIMANTAN UTARA,19045,16580,310
2021-12-26,SULAWESI UTARA,16790,17893,108
2021-12-26,PAPUA,17205,15352,1814
2021-12-26,JAMBI,13449,14660,1677
2021-12-26,NUSA TENGGARA BARAT,13789,13994,17
2021-12-26,PAPUA BARAT,12378,11103,79
2021-12-26,BENGKULU,10390,12196,520
2021-12-26,SULAWESI TENGGARA,9929,10168,70
2021-12-26,MALUKU,7070,7392,132
2021-12-26,SULAWESI BARAT,5596,6769,3
2021-12-26,MALUKU UTARA,6065,5809,231
2021-12-26,GORONTALO,5695,6150,4
2021-12-24,DKI JAKARTA,424752,429485,10628
2021-12-24,JAWA BARAT,339601,359039,10091
2021-12-24,JAWA TENGAH,215895,251389,19553
2021-12-24,JAWA TIMUR,189748,206414,3801
2021-12-24,KALIMANTAN TIMUR,88061,69501,755
2021-12-24,DAERAH ISTIMEWA YOGYAKARTA,74693,82078,198
2021-12-24,BANTEN,66356,66151,289
2021-12-24,RIAU,63837,65063,16
2021-12-24,BALI,57625,56226,508
2021-12-24,SULAWESI SELATAN,50250,59542,189
2021-12-24,SUMATERA UTARA,50111,55683,312
2021-12-24,SUMATERA BARAT,39285,49233,1351
2021-12-24,KALIMANTAN SELATAN,35505,34166,276
2021-12-24,NUSA TENGGARA TIMUR,30187,33861,183
2021-12-24,SUMATERA SELATAN,29656,30074,249
2021-12-24,KEPULAUAN RIAU,27734,26269,49
2021-12-24,KEPULAUAN BANGKA BELITUNG,24409,27923,19
2021-12-24,LAMPUNG,21901,27782,63
2021-12-24,SULAWESI TENGAH,21204,25977,59
2021-12-24,KALIMANTAN TENGAH,22806,22677,168
2021-12-24,KALIMANTAN BARAT,20590,21017,48
2021-12-24,ACEH,18433,19962,32
2021-12-24,KALIMANTAN UTARA,19044,16579,310
2021-12-24,SULAWESI UTARA,16791,17891,108
2021-12-24,PAPUA,17205,15351,1814
2021-12-24,JAMBI,13449,14660,1677
2021-12-24,NUSA TENGGARA BARAT,13789,13994,17
2021-12-24,PAPUA BARAT,12360,11098,79
2021-12-24,BENGKULU,10390,12196,520
2021-12-24,SULAWESI TENGGARA,9929,10168,70
2021-12-24,MALUKU,7070,7392,132
2021-12-24,SULAWESI BARAT,5596,6766,3
2021-12-24,MALUKU UTARA,6065,5809,231
2021-12-24,GORONTALO,5695,6150,4
2021-12-22,DKI JAKARTA,424707,429445,10628
2021-12-22,JAWA BARAT,339575,359017,10091
2021-12-22,JAWA TENGAH,215882,251367,19553
2021-12-22,JAWA TIMUR,189724,206396,3801
2021-12-22,KALIMANTAN TIMUR,88061,69498,755
2021-12-22,DAERAH ISTIMEWA YOGYAKARTA,74689,82077,198
2021-12-22,BANTEN,66352,66148,289
2021-12-22,RIAU,63833,65062,16
2021-12-22,BALI,57625,56222,508
2021-12-22,SULAWESI SELATAN,50245,59541,189
2021-12-22,SUMATERA UTARA,50110,55682,312
2021-12-22,SUMATERA BARAT,39285,49233,1351
2021-12-22,KALIMANTAN SELATAN,35505,34165,276
2021-12-22,NUSA TENGGARA TIMUR,30185,33851,183
2021-12-22,SUMATERA SELATAN,29654,30073,249
2021-12-22,KEPULAUAN RIAU,27706,26257,49
2021-12-22,KEPULAUAN BANGKA BELITUNG,24406,27923,19
2021-12-22,LAMPUNG,21899,27782,63
2021-12-22,SULAWESI TENGAH,21204,25975,59
2021-12-22,KALIMANTAN TENGAH,22806,22677,168
2021-12-22,KALIMANTAN BARAT,20587,21016,48
2021-12-22,ACEH,18432,19962,32
2021-12-22,KALIMANTAN UTARA,19042,16577,310
2021-12-22,SULAWESI UTARA,16792,17889,108
2021-12-22,PAPUA,17201,15350,1814
2021-12-22,JAMBI,13446,14659,1677
2021-12-22,NUSA TENGGARA BARAT,13786,13992,17
2021-12-22,PAPUA BARAT,12352,11098,79
2021-12-22,BENGKULU,10390,12196,520
2021-12-22,SULAWESI TENGGARA,9929,10168,70
2021-12-22,MALUKU,7070,7392,132
2021-12-22,SULAWESI BARAT,5595,6766,3
2021-12-22,MALUKU UTARA,6065,5809,231
2021-12-22,GORONTALO,5693,6150,4
2021-12-22,DKI JAKARTA,424706,429446,10628
2021-12-22,LAMPUNG,21900,27781,63
2021-12-21,DKI JAKARTA,424685,429424,10628
2021-12-21,JAWA BARAT,339565,359008,10091
2021-12-21,JAWA TENGAH,215872,251360,19553
2021-12-21,JAWA TIMUR,189721,206390,3801
2021-12-21,KALIMANTAN TIMUR,88060,69498,755
2021-12-21,DAERAH ISTIMEWA YOGYAKARTA,74687,82076,198
2021-12-21,BANTEN,66348,66143,289
2021-12-21,RIAU,63828,65058,16
2021-12-21,BALI,57623,56218,508
2021-12-21,SULAWESI SELATAN,50242,59539,189
2021-12-21,SUMATERA UTARA,50110,55682,312
2021-12-21,SUMATERA BARAT,39285,49233,1351
2021-12-21,KALIMANTAN SELATAN,35504,34165,276
2021-12-21,NUSA TENGGARA TIMUR,30183,33848,183
2021-12-21,SUMATERA SELATAN,29654,30073,249
2021-12-21,KEPULAUAN RIAU,27681,26253,49
2021-12-21,KEPULAUAN BANGKA BELITUNG,24405,27921,19
2021-12-21,LAMPUNG,21899,27781,63
2021-12-21,SULAWESI TENGAH,21204,25970,59
2021-12-21,KALIMANTAN TENGAH,22806,22676,168
2021-12-21,KALIMANTAN BARAT,20585,21015,48
2021-12-21,ACEH,18432,19962,32
2021-12-21,KALIMANTAN UTARA,19040,16574,310
2021-12-21,SULAWESI UTARA,16792,17889,108
2021-12-21,PAPUA,17201,15350,1814
2021-12-21,JAMBI,13446,14659,1677
2021-12-21,NUSA TENGGARA BARAT,13785,13992,17
2021-12-21,PAPUA BARAT,12348,11098,79
2021-12-21,BENGKULU,10390,12196,520
2021-12-21,SULAWESI TENGGARA,9929,10168,70
2021-12-21,MALUKU,7070,7392,132
2021-12-21,SULAWESI BARAT,5595,6766,3
2021-12-21,MALUKU UTARA,6065,5809,231
2021-12-21,GORONTALO,5693,6150,4
2021-12-19,DKI JAKARTA,424636,429380,10628
2021-12-19,JAWA BARAT,339544,358972,10091
2021-12-19,JAWA TENGAH,215853,251347,19553
2021-12-19,JAWA TIMUR,189709,206375,3801
2021-12-19,KALIMANTAN TIMUR,88055,69494,755
2021-12-19,DAERAH ISTIMEWA YOGYAKARTA,74685,82072,198
2021-12-19,BANTEN,66341,66139,289
2021-12-19,RIAU,63824,65055,16
2021-12-19,BALI,57617,56215,508
2021-12-19,SULAWESI SELATAN,50239,59538,189
2021-12-19,SUMATERA UTARA,50107,55678,312
2021-12-19,SUMATERA BARAT,39285,49232,1351
2021-12-19,KALIMANTAN SELATAN,35502,34164,276
2021-12-19,NUSA TENGGARA TIMUR,30174,33842,183
2021-12-19,SUMATERA SELATAN,29654,30070,249
2021-12-19,KEPULAUAN RIAU,27678,26253,49
2021-12-19,KEPULAUAN BANGKA BELITUNG,24404,27919,19
2021-12-19,LAMPUNG,21898,27781,63
2021-12-19,SULAWESI TENGAH,21203,25969,59
2021-12-19,KALIMANTAN TENGAH,22806,22674,168
2021-12-19,KALIMANTAN BARAT,20578,21011,48
2021-12-19,ACEH,18431,19962,32
2021-12-19,KALIMANTAN UTARA,19037,16568,310
2021-12-19,SULAWESI UTARA,16787,17885,108
2021-12-19,PAPUA,17201,15348,1814
2021-12-19,JAMBI,13446,14659,1677
2021-12-19,NUSA TENGGARA BARAT,13785,13992,17
2021-12-19,PAPUA BARAT,12338,11098,79
2021-12-19,BENGKULU,10390,12196,520
2021-12-19,SULAWESI TENGGARA,9929,10168,70
2021-12-19,MALUKU,7069,7391,132
2021-12-19,SULAWESI BARAT,5593,6765,3
2021-12-19,MALUKU UTARA,6065,5809,231
2021-12-19,GORONTALO,5692,6149,4
2021-12-18,DKI JAKARTA,424594,429343,10628
2021-12-18,JAWA BARAT,339512,358932,10088
2021-12-18,JAWA TENGAH,215848,251340,19553
2021-12-18,JAWA TIMUR,189687,206352,3801
2021-12-18,KALIMANTAN TIMUR,88050,69491,755
2021-12-18,DAERAH ISTIMEWA YOGYAKARTA,74679,82069,198
2021-12-18,BANTEN,66335,66135,289
2021-12-18,RIAU,63821,65051,16
2021-12-18,BALI,57614,56211,508
2021-12-18,SULAWESI SELATAN,50237,59533,189
2021-12-18,SUMATERA UTARA,50104,55676,312
2021-12-18,SUMATERA BARAT,39284,49232,1351
2021-12-18,KALIMANTAN SELATAN,35501,34163,276
2021-12-18,NUSA TENGGARA TIMUR,30168,33837,183
2021-12-18,SUMATERA SELATAN,29654,30070,249
2021-12-18,KEPULAUAN RIAU,27656,26250,49
2021-12-18,KEPULAUAN BANGKA BELITUNG,24399,27917,19
2021-12-18,LAMPUNG,21898,27778,63
2021-12-18,SULAWESI TENGAH,21202,25967,59
2021-12-18,KALIMANTAN TENGAH,22804,22674,168
2021-12-18,KALIMANTAN BARAT,20575,21008,48
2021-12-18,ACEH,18431,19962,32
2021-12-18,KALIMANTAN UTARA,19032,16562,310
2021-12-18,SULAWESI UTARA,16783,17880,108
2021-12-18,PAPUA,17201,15348,1814
2021-12-18,JAMBI,13444,14658,1677
2021-12-18,NUSA TENGGARA BARAT,13784,13991,17
2021-12-18,PAPUA BARAT,12319,11096,79
2021-12-18,BENGKULU,10390,12196,520
2021-12-18,SULAWESI TENGGARA,9928,10168,70
2021-12-18,MALUKU,7069,7391,132
2021-12-18,SULAWESI BARAT,5593,6765,3
2021-12-18,MALUKU UTARA,6065,5809,231
2021-12-18,GORONTALO,5692,6148,4
2021-12-16,DKI JAKARTA,424541,429285,10628
2021-12-16,JAWA BARAT,339458,358867,10090
2021-12-16,JAWA TENGAH,215813,251316,19553
2021-12-16,JAWA TIMUR,189645,206320,3801
2021-12-16,KALIMANTAN TIMUR,88041,69484,755
2021-12-16,DAERAH ISTIMEWA YOGYAKARTA,74675,82058,198
2021-12-16,BANTEN,66334,66128,289
2021-12-16,RIAU,63813,65036,16
2021-12-16,BALI,57606,56197,508
2021-12-16,SULAWESI SELATAN,50233,59530,189
2021-12-16,SUMATERA UTARA,50100,55675,312
2021-12-16,SUMATERA BARAT,39284,49230,1351
2021-12-16,KALIMANTAN SELATAN,35500,34163,276
2021-12-16,NUSA TENGGARA TIMUR,30164,33821,183
2021-12-16,SUMATERA SELATAN,29652,30065,249
2021-12-16,KEPULAUAN RIAU,27613,26232,50
2021-12-16,KEPULAUAN BANGKA BELITUNG,24395,27915,19
2021-12-16,LAMPUNG,21896,27775,63
2021-12-16,SULAWESI TENGAH,21177,25965,59
2021-12-16,KALIMANTAN TENGAH,22804,22670,168
2021-12-16,KALIMANTAN BARAT,20567,21002,48
2021-12-16,ACEH,18430,19962,32
2021-12-16,KALIMANTAN UTARA,19032,16559,310
2021-12-16,SULAWESI UTARA,16776,17878,108
2021-12-16,PAPUA,17200,15344,1814
2021-12-16,JAMBI,13443,14657,1677
2021-12-16,NUSA TENGGARA BARAT,13785,13989,17
2021-12-16,PAPUA BARAT,12295,11090,79
2021-12-16,BENGKULU,10390,12195,520
2021-12-16,SULAWESI TENGGARA,9928,10168,70
2021-12-16,MALUKU,7067,7390,132
2021-12-16,SULAWESI BARAT,5591,6765,3
2021-12-16,MALUKU UTARA,6065,5809,231
2021-12-16,GORONTALO,5689,6148,4
2021-12-13,DKI JAKARTA,424513,429250,10628
2021-12-13,JAWA BARAT,339427,358827,10085
2021-12-13,JAWA TENGAH,215785,251292,19553
2021-12-13,JAWA TIMUR,189628,206302,3801
2021-12-13,KALIMANTAN TIMUR,88039,69479,755
2021-12-13,DAERAH ISTIMEWA YOGYAKARTA,74671,82053,198
2021-12-13,BANTEN,66331,66126,289
2021-12-13,RIAU,63811,65034,16
2021-12-13,BALI,57605,56195,508
2021-12-13,SULAWESI SELATAN,50231,59527,189
2021-12-13,SUMATERA UTARA,50096,55674,312
2021-12-13,SUMATERA BARAT,39284,49228,1351
2021-12-13,KALIMANTAN SELATAN,35499,34161,276
2021-12-13,NUSA TENGGARA TIMUR,30158,33816,183
2021-12-13,SUMATERA SELATAN,29649,30061,249
2021-12-13,KEPULAUAN RIAU,27606,26231,50
2021-12-13,KEPULAUAN BANGKA BELITUNG,24394,27913,19
2021-12-13,LAMPUNG,21897,27773,63
2021-12-13,SULAWESI TENGAH,21172,25958,59
2021-12-13,KALIMANTAN TENGAH,22803,22670,168
2021-12-13,KALIMANTAN BARAT,20561,21000,48
2021-12-13,ACEH,18429,19962,32
2021-12-13,KALIMANTAN UTARA,19028,16556,310
2021-12-13,SULAWESI UTARA,16773,17878,108
2021-12-13,PAPUA,17199,15344,1814
2021-12-13,JAMBI,13442,14654,1677
2021-12-13,NUSA TENGGARA BARAT,13782,13988,17
2021-12-13,PAPUA BARAT,12282,11086,79
2021-12-13,BENGKULU,10390,12195,520
2021-12-13,SULAWESI TENGGARA,9928,10168,70
2021-12-13,MALUKU,7067,7390,132
2021-12-13,SULAWESI BARAT,5591,6765,3
2021-12-13,MALUKU UTARA,6065,5809,231
2021-12-13,GORONTALO,5687,6148,4
2021-12-13,DKI JAKARTA,424513,429249,10628
2021-12-13,JAWA BARAT,339426,358824,10085
2021-12-13,JAWA TIMUR,189627,206300,3801
2021-12-13,DAERAH ISTIMEWA YOGYAKARTA,74669,82053,198
2021-12-13,BANTEN,66331,66125,289
2021-12-13,SUMATERA UTARA,50095,55674,312
2021-12-13,KALIMANTAN TENGAH,22803,22669,168
2021-12-13,JAMBI,13442,14653,1677
2021-12-13,PAPUA BARAT,12282,11085,79
2021-12-13,DKI JAKARTA,424514,429247,10629
2021-12-13,DKI JAKARTA,424513,429247,10630
2021-12-13,JAWA TENGAH,215786,251291,19553
2021-12-12,DKI JAKARTA,424513,429247,10630
2021-12-12,JAWA BARAT,339427,358824,10085
2021-12-12,JAWA TENGAH,215786,251291,19553
2021-12-12,JAWA TIMUR,189627,206300,3801
2021-12-12,KALIMANTAN TIMUR,88039,69479,755
2021-12-12,DAERAH ISTIMEWA YOGYAKARTA,74669,82053,198
2021-12-12,BANTEN,66331,66125,289
2021-12-12,RIAU,63811,65034,16
2021-12-12,BALI,57605,56195,508
2021-12-12,SULAWESI SELATAN,50231,59527,189
2021-12-12,SUMATERA UTARA,50094,55675,312
2021-12-12,SUMATERA BARAT,39284,49228,1351
2021-12-12,KALIMANTAN SELATAN,35499,34161,276
2021-12-12,NUSA TENGGARA TIMUR,30158,33816,183
2021-12-12,SUMATERA SELATAN,29649,30061,249
2021-12-12,KEPULAUAN RIAU,27606,26231,50
2021-12-12,KEPULAUAN BANGKA BELITUNG,24394,27913,19
2021-12-12,LAMPUNG,21897,27773,63
2021-12-12,SULAWESI TENGAH,21172,25958,59
2021-12-12,KALIMANTAN TENGAH,22803,22669,168
2021-12-12,KALIMANTAN BARAT,20561,21000,48
2021-12-12,ACEH,18429,19962,32
2021-12-12,KALIMANTAN UTARA,19028,16556,310
2021-12-12,SULAWESI UTARA,16772,17878,108
2021-12-12,PAPUA,17199,15344,1814
2021-12-12,JAMBI,13442,14653,1677
2021-12-12,NUSA TENGGARA BARAT,13782,13988,17
2021-12-12,PAPUA BARAT,12282,11085,79
2021-12-12,BENGKULU,10390,12195,520
2021-12-12,SULAWESI TENGGARA,9928,10168,70
2021-12-12,MALUKU,7067,7390,132
2021-12-12,SULAWESI BARAT,5591,6765,3
2021-12-12,MALUKU UTARA,6065,5809,231
2021-12-12,GORONTALO,5687,6148,4
2021-12-10,DKI JAKARTA,424488,429208,10630
2021-12-10,JAWA BARAT,339396,358793,10085
2021-12-10,JAWA TENGAH,215768,251281,19553
2021-12-10,JAWA TIMUR,189605,206280,3801
2021-12-10,KALIMANTAN TIMUR,88038,69478,755
2021-12-10,DAERAH ISTIMEWA YOGYAKARTA,74658,82036,198
2021-12-10,BANTEN,66325,66117,289
2021-12-10,RIAU,63808,65030,16
2021-12-10,BALI,57603,56192,508
2021-12-10,SULAWESI SELATAN,50224,59523,189
2021-12-10,SUMATERA UTARA,50093,55671,312
2021-12-10,SUMATERA BARAT,39283,49226,1351
2021-12-10,KALIMANTAN SELATAN,35499,34161,276
2021-12-10,NUSA TENGGARA TIMUR,30146,33801,183
2021-12-10,SUMATERA SELATAN,29648,30060,249
2021-12-10,KEPULAUAN RIAU,27606,26231,50
2021-12-10,KEPULAUAN BANGKA BELITUNG,24392,27908,19
2021-12-10,LAMPUNG,21892,27770,63
2021-12-10,SULAWESI TENGAH,21169,25953,59
2021-12-10,KALIMANTAN TENGAH,22801,22668,168
2021-12-10,KALIMANTAN BARAT,20548,20987,48
2021-12-10,ACEH,18429,19962,32
2021-12-10,KALIMANTAN UTARA,19024,16556,310
2021-12-10,SULAWESI UTARA,16768,17870,108
2021-12-10,PAPUA,17197,15343,1814
2021-12-10,JAMBI,13442,14653,1677
2021-12-10,NUSA TENGGARA BARAT,13782,13988,17
2021-12-10,PAPUA BARAT,12270,11085,79
2021-12-10,BENGKULU,10390,12195,520
2021-12-10,SULAWESI TENGGARA,9925,10167,70
2021-12-10,MALUKU,7067,7390,132
2021-12-10,SULAWESI BARAT,5590,6765,3
2021-12-10,MALUKU UTARA,6065,5809,231
2021-12-10,GORONTALO,5687,6146,4
2021-12-10,DKI JAKARTA,424489,429207,10630
2021-12-09,DKI JAKARTA,424470,429200,10630
2021-12-09,JAWA BARAT,339374,358771,10085
2021-12-09,JAWA TENGAH,215759,251271,19553
2021-12-09,JAWA TIMUR,189598,206267,3801
2021-12-09,KALIMANTAN TIMUR,88038,69477,755
2021-12-09,DAERAH ISTIMEWA YOGYAKARTA,74653,82025,198
2021-12-09,BANTEN,66324,66114,289
2021-12-09,RIAU,63807,65027,16
2021-12-09,BALI,57603,56189,508
2021-12-09,SULAWESI SELATAN,50224,59523,189
2021-12-09,SUMATERA UTARA,50093,55670,312
2021-12-09,SUMATERA BARAT,39283,49224,1351
2021-12-09,KALIMANTAN SELATAN,35497,34159,276
2021-12-09,NUSA TENGGARA TIMUR,30144,33798,183
2021-12-09,SUMATERA SELATAN,29647,30057,249
2021-12-09,KEPULAUAN RIAU,27606,26231,50
2021-12-09,KEPULAUAN BANGKA BELITUNG,24391,27908,19
2021-12-09,LAMPUNG,21892,27770,63
2021-12-09,SULAWESI TENGAH,21168,25947,59
2021-12-09,KALIMANTAN TENGAH,22799,22665,168
2021-12-09,KALIMANTAN BARAT,20539,20983,48
2021-12-09,ACEH,18429,19962,32
2021-12-09,KALIMANTAN UTARA,19023,16556,310
2021-12-09,SULAWESI UTARA,16765,17869,108
2021-12-09,PAPUA,17197,15343,1814
2021-12-09,JAMBI,13442,14653,1677
2021-12-09,NUSA TENGGARA BARAT,13781,13988,17
2021-12-09,PAPUA BARAT,12268,11084,79
2021-12-09,BENGKULU,10390,12195,520
2021-12-09,SULAWESI TENGGARA,9925,10167,70
2021-12-09,MALUKU,7067,7390,132
2021-12-09,SULAWESI BARAT,5590,6764,3
2021-12-09,MALUKU UTARA,6064,5807,231
2021-12-09,GORONTALO,5687,6146,4
2021-12-08,DKI JAKARTA,424451,429183,10630
2021-12-08,JAWA BARAT,339353,358747,10085
2021-12-08,JAWA TENGAH,215751,251263,19553
2021-12-08,JAWA TIMUR,189583,206252,3801
2021-12-08,KALIMANTAN TIMUR,88033,69474,755
2021-12-08,DAERAH ISTIMEWA YOGYAKARTA,74650,82018,198
2021-12-08,BANTEN,66324,66109,289
2021-12-08,RIAU,63807,65027,16
2021-12-08,BALI,57597,56182,508
2021-12-08,SULAWESI SELATAN,50223,59521,189
2021-12-08,SUMATERA UTARA,50092,55668,312
2021-12-08,SUMATERA BARAT,39283,49224,1351
2021-12-08,KALIMANTAN SELATAN,35496,34158,276
2021-12-08,NUSA TENGGARA TIMUR,30140,33794,183
2021-12-08,SUMATERA SELATAN,29647,30056,249
2021-12-08,KEPULAUAN RIAU,27606,26231,50
2021-12-08,KEPULAUAN BANGKA BELITUNG,24390,27904,19
2021-12-08,LAMPUNG,21891,27770,63
2021-12-08,SULAWESI TENGAH,21166,25938,59
2021-12-08,KALIMANTAN TENGAH,22799,22664,168
2021-12-08,KALIMANTAN BARAT,20538,20982,48
2021-12-08,ACEH,18429,19962,32
2021-12-08,KALIMANTAN UTARA,19023,16555,310
2021-12-08,SULAWESI UTARA,16764,17867,108
2021-12-08,PAPUA,17195,15341,1814
2021-12-08,JAMBI,13442,14653,1677
2021-12-08,NUSA TENGGARA BARAT,13779,13987,17
2021-12-08,PAPUA BARAT,12261,11083,79
2021-12-08,BENGKULU,10390,12195,520
2021-12-08,SULAWESI TENGGARA,9925,10167,70
2021-12-08,MALUKU,7067,7390,132
2021-12-08,SULAWESI BARAT,5590,6764,3
2021-12-08,MALUKU UTARA,6064,5806,231
2021-12-08,GORONTALO,5687,6146,4
2021-12-07,DKI JAKARTA,424430,429163,10630
2021-12-07,JAWA BARAT,339326,358713,10085
2021-12-07,JAWA TENGAH,215732,251245,19553
2021-12-07,JAWA TIMUR,189571,206237,3801
2021-12-07,KALIMANTAN TIMUR,88030,69472,755
2021-12-07,DAERAH ISTIMEWA YOGYAKARTA,74645,82011,198
2021-12-07,BANTEN,66323,66108,289
2021-12-07,RIAU,63805,65026,16
2021-12-07,BALI,57591,56175,508
2021-12-07,SULAWESI SELATAN,50221,59520,189
2021-12-07,SUMATERA UTARA,50091,55664,312
2021-12-07,SUMATERA BARAT,39283,49222,1351
2021-12-07,KALIMANTAN SELATAN,35496,34158,276
2021-12-07,NUSA TENGGARA TIMUR,30136,33780,183
2021-12-07,SUMATERA SELATAN,29647,30053,249
2021-12-07,KEPULAUAN RIAU,27606,26231,50
2021-12-07,KEPULAUAN BANGKA BELITUNG,24389,27902,19
2021-12-07,LAMPUNG,21891,27769,63
2021-12-07,SULAWESI TENGAH,21165,25937,59
2021-12-07,KALIMANTAN TENGAH,22799,22664,168
2021-12-07,KALIMANTAN BARAT,20535,20979,48
2021-12-07,ACEH,18427,19961,32
2021-12-07,KALIMANTAN UTARA,19023,16555,310
2021-12-07,SULAWESI UTARA,16758,17867,108
2021-12-07,PAPUA,17194,15341,1814
2021-12-07,JAMBI,13441,14653,1677
2021-12-07,NUSA TENGGARA BARAT,13779,13985,17
2021-12-07,PAPUA BARAT,12259,11083,79
2021-12-07,BENGKULU,10390,12195,520
2021-12-07,SULAWESI TENGGARA,9925,10167,70
2021-12-07,MALUKU,7067,7390,132
2021-12-07,SULAWESI BARAT,5588,6764,3
2021-12-07,MALUKU UTARA,6064,5806,231
2021-12-07,GORONTALO,5685,6146,4
2021-12-04,DKI JAKARTA,424386,429119,10630
2021-12-04,JAWA BARAT,339277,358651,10085
2021-12-04,JAWA TENGAH,215711,251230,19553
2021-12-04,JAWA TIMUR,189535,206190,3801
2021-12-04,KALIMANTAN TIMUR,88024,69469,755
2021-12-04,DAERAH ISTIMEWA YOGYAKARTA,74626,81984,198
2021-12-04,BANTEN,66317,66098,289
2021-12-04,RIAU,63796,65022,16
2021-12-04,BALI,57580,56166,508
2021-12-04,SULAWESI SELATAN,50220,59517,189
2021-12-04,SUMATERA UTARA,50081,55658,312
2021-12-04,SUMATERA BARAT,39283,49220,1351
2021-12-04,KALIMANTAN SELATAN,35494,34157,276
2021-12-04,NUSA TENGGARA TIMUR,30119,33761,183
2021-12-04,SUMATERA SELATAN,29645,30048,249
2021-12-04,KEPULAUAN RIAU,27606,26228,50
2021-12-04,KEPULAUAN BANGKA BELITUNG,24386,27894,19
2021-12-04,LAMPUNG,21889,27769,63
2021-12-04,SULAWESI TENGAH,21162,25937,59
2021-12-04,KALIMANTAN TENGAH,22798,22658,168
2021-12-04,KALIMANTAN BARAT,20522,20977,48
2021-12-04,ACEH,18428,19959,32
2021-12-04,KALIMANTAN UTARA,19023,16554,310
2021-12-04,SULAWESI UTARA,16750,17862,108
2021-12-04,PAPUA,17191,15338,1814
2021-12-04,JAMBI,13441,14652,1677
2021-12-04,NUSA TENGGARA BARAT,13778,13984,17
2021-12-04,PAPUA BARAT,12235,11081,79
2021-12-04,BENGKULU,10390,12194,520
2021-12-04,SULAWESI TENGGARA,9923,10167,70
2021-12-04,MALUKU,7067,7390,132
2021-12-04,SULAWESI BARAT,5588,6763,3
2021-12-04,MALUKU UTARA,6064,5806,231
2021-12-04,GORONTALO,5684,6146,4
2021-12-04,DKI JAKARTA,424387,429118,10630
2021-12-04,JAWA TIMUR,189534,206191,3801
2021-12-04,NUSA TENGGARA TIMUR,30118,33762,183
2021-12-04,JAWA BARAT,339279,358648,10085
2021-12-04,JAWA TENGAH,215712,251229,19553
2021-12-04,JAWA TIMUR,189536,206189,3801
2021-12-04,SUMATERA UTARA,50080,55659,312
2021-12-04,NUSA TENGGARA TIMUR,30117,33763,183
2021-12-04,LAMPUNG,21884,27752,63
2021-12-04,SULAWESI TENGAH,21163,25936,59
2021-12-04,ACEH,18429,19958,32
2021-12-04,SULAWESI UTARA,16751,17860,108
2021-12-04,JAMBI,13440,14652,1677
2021-12-02,DKI JAKARTA,424338,429077,10630
2021-12-02,JAWA BARAT,339249,358600,10085
2021-12-02,JAWA TENGAH,215675,251207,19553
2021-12-02,JAWA TIMUR,189515,206162,3801
2021-12-02,KALIMANTAN TIMUR,88023,69467,755
2021-12-02,DAERAH ISTIMEWA YOGYAKARTA,74601,81970,198
2021-12-02,BANTEN,66308,66096,289
2021-12-02,RIAU,63791,65018,16
2021-12-02,BALI,57569,56156,508
2021-12-02,SULAWESI SELATAN,50217,59513,189
2021-12-02,SUMATERA UTARA,50077,55656,312
2021-12-02,SUMATERA BARAT,39281,49217,1351
2021-12-02,KALIMANTAN SELATAN,35494,34157,276
2021-12-02,NUSA TENGGARA TIMUR,30107,33745,183
2021-12-02,SUMATERA SELATAN,29643,30045,249
2021-12-02,KEPULAUAN RIAU,27606,26228,50
2021-12-02,KEPULAUAN BANGKA BELITUNG,24383,27888,19
2021-12-02,LAMPUNG,21880,27748,63
2021-12-02,SULAWESI TENGAH,21162,25932,59
2021-12-02,KALIMANTAN TENGAH,22798,22656,168
2021-12-02,KALIMANTAN BARAT,20516,20972,48
2021-12-02,ACEH,18427,19957,32
2021-12-02,KALIMANTAN UTARA,19021,16554,310
2021-12-02,SULAWESI UTARA,16748,17859,108
2021-12-02,PAPUA,17190,15337,1814
2021-12-02,JAMBI,13439,14652,1677
2021-12-02,NUSA TENGGARA BARAT,13778,13982,17
2021-12-02,PAPUA BARAT,12221,11078,79
2021-12-02,BENGKULU,10390,12194,520
2021-12-02,SULAWESI TENGGARA,9923,10167,70
2021-12-02,MALUKU,7067,7388,132
2021-12-02,SULAWESI BARAT,5587,6763,3
2021-12-02,MALUKU UTARA,6064,5806,231
2021-12-02,GORONTALO,5684,6146,4
2021-12-01,DKI JAKARTA,424322,429065,10630
2021-12-01,JAWA BARAT,339206,358560,10085
2021-12-01,JAWA TENGAH,215660,251192,19553
2021-12-01,JAWA TIMUR,189498,206144,3801
2021-12-01,KALIMANTAN TIMUR,88019,69464,755
2021-12-01,DAERAH ISTIMEWA YOGYAKARTA,74597,81967,198
2021-12-01,BANTEN,66298,66090,289
2021-12-01,RIAU,63789,65016,16
2021-12-01,BALI,57563,56147,508
2021-12-01,SULAWESI SELATAN,50217,59512,189
2021-12-01,SUMATERA UTARA,50074,55655,312
2021-12-01,SUMATERA BARAT,39279,49215,1351
2021-12-01,KALIMANTAN SELATAN,35493,34156,276
2021-12-01,NUSA TENGGARA TIMUR,30102,33741,183
2021-12-01,SUMATERA SELATAN,29640,30044,249
2021-12-01,KEPULAUAN RIAU,27607,26227,50
2021-12-01,KEPULAUAN BANGKA BELITUNG,24378,27885,19
2021-12-01,LAMPUNG,21878,27748,63
2021-12-01,SULAWESI TENGAH,21155,25928,59
2021-12-01,KALIMANTAN TENGAH,22797,22653,168
2021-12-01,KALIMANTAN BARAT,20513,20970,48
2021-12-01,ACEH,18426,19956,32
2021-12-01,KALIMANTAN UTARA,19021,16554,310
2021-12-01,SULAWESI UTARA,16746,17859,108
2021-12-01,PAPUA,17189,15336,1814
2021-12-01,JAMBI,13438,14652,1677
2021-12-01,NUSA TENGGARA BARAT,13778,13981,17
2021-12-01,PAPUA BARAT,12212,11078,79
2021-12-01,BENGKULU,10390,12194,520
2021-12-01,SULAWESI TENGGARA,9922,10165,70
2021-12-01,MALUKU,7067,7388,132
2021-12-01,SULAWESI BARAT,5587,6763,3
2021-12-01,MALUKU UTARA,6064,5806,231
2021-12-01,GORONTALO,5684,6146,4
2021-12-01,DKI JAKARTA,424323,429064,10630
2021-11-30,DKI JAKARTA,424286,429030,10631
2021-11-30,JAWA BARAT,339180,358528,10085
2021-11-30,JAWA TENGAH,215653,251179,19553
2021-11-30,JAWA TIMUR,189485,206127,3801
2021-11-30,KALIMANTAN TIMUR,88017,69460,755
2021-11-30,DAERAH ISTIMEWA YOGYAKARTA,74592,81960,198
2021-11-30,BANTEN,66298,66089,289
2021-11-30,RIAU,63784,65013,16
2021-11-30,BALI,57561,56144,508
2021-11-30,SULAWESI SELATAN,50216,59512,189
2021-11-30,SUMATERA UTARA,50074,55651,312
2021-11-30,SUMATERA BARAT,39279,49214,1351
2021-11-30,KALIMANTAN SELATAN,35487,34153,276
2021-11-30,NUSA TENGGARA TIMUR,30099,33734,183
2021-11-30,SUMATERA SELATAN,29640,30043,249
2021-11-30,KEPULAUAN RIAU,27605,26227,50
2021-11-30,KEPULAUAN BANGKA BELITUNG,24371,27877,19
2021-11-30,LAMPUNG,21876,27743,63
2021-11-30,SULAWESI TENGAH,21153,25925,59
2021-11-30,KALIMANTAN TENGAH,22796,22653,168
2021-11-30,KALIMANTAN BARAT,20511,20969,48
2021-11-30,ACEH,18426,19956,32
2021-11-30,KALIMANTAN UTARA,19020,16554,310
2021-11-30,SULAWESI UTARA,16746,17859,108
2021-11-30,PAPUA,17188,15335,1814
2021-11-30,JAMBI,13438,14652,1677
2021-11-30,NUSA TENGGARA BARAT,13777,13981,17
2021-11-30,PAPUA BARAT,12210,11078,79
2021-11-30,BENGKULU,10390,12193,520
2021-11-30,SULAWESI TENGGARA,9922,10165,70
2021-11-30,MALUKU,7066,7388,132
2021-11-30,SULAWESI BARAT,5587,6762,3
2021-11-30,MALUKU UTARA,6064,5806,231
2021-11-30,GORONTALO,5684,6146,4
2021-11-29,DKI JAKARTA,424206,428973,10632
2021-11-29,JAWA BARAT,339119,358467,10085
2021-11-29,JAWA TENGAH,215609,251135,19553
2021-11-29,JAWA TIMUR,189441,206087,3808
2021-11-29,KALIMANTAN TIMUR,88005,69454,755
2021-11-29,DAERAH ISTIMEWA YOGYAKARTA,74572,81937,198
2021-11-29,BANTEN,66290,66080,289
2021-11-29,RIAU,63758,65001,16
2021-11-29,BALI,57542,56128,508
2021-11-29,SULAWESI SELATAN,50203,59507,189
2021-11-29,SUMATERA UTARA,50071,55646,312
2021-11-29,SUMATERA BARAT,39277,49214,1351
2021-11-29,KALIMANTAN SELATAN,35486,34150,276
2021-11-29,NUSA TENGGARA TIMUR,30094,33730,183
2021-11-29,SUMATERA SELATAN,29637,30042,249
2021-11-29,KEPULAUAN RIAU,27603,26227,50
2021-11-29,KEPULAUAN BANGKA BELITUNG,24357,27863,19
2021-11-29,LAMPUNG,21871,27736,63
2021-11-29,SULAWESI TENGAH,21149,25924,59
2021-11-29,KALIMANTAN TENGAH,22795,22649,168
2021-11-29,KALIMANTAN BARAT,20504,20962,48
2021-11-29,ACEH,18425,19954,32
2021-11-29,KALIMANTAN UTARA,19015,16551,310
2021-11-29,SULAWESI UTARA,16736,17854,107
2021-11-29,PAPUA,17185,15334,1814
2021-11-29,JAMBI,13437,14652,1677
2021-11-29,NUSA TENGGARA BARAT,13776,13980,17
2021-11-29,PAPUA BARAT,12197,11078,79
2021-11-29,BENGKULU,10390,12193,520
2021-11-29,SULAWESI TENGGARA,9922,10165,70
2021-11-29,MALUKU,7065,7388,132
2021-11-29,SULAWESI BARAT,5587,6761,3
2021-11-29,MALUKU UTARA,6062,5806,231
2021-11-29,GORONTALO,5684,6146,4
2021-11-29,DKI JAKARTA,424207,428972,10632
2021-11-29,JAWA BARAT,339120,358466,10085
2021-11-29,JAWA TIMUR,189442,206085,3809
2021-11-29,SULAWESI TENGGARA,9921,10166,70
2021-11-27,DKI JAKARTA,424207,428972,10632
2021-11-27,JAWA BARAT,339119,358468,10085
2021-11-27,JAWA TENGAH,215609,251135,19553
2021-11-27,JAWA TIMUR,189448,206068,3820
2021-11-27,KALIMANTAN TIMUR,88005,69454,755
2021-11-27,DAERAH ISTIMEWA YOGYAKARTA,74572,81937,198
2021-11-27,BANTEN,66290,66080,289
2021-11-27,RIAU,63758,65001,16
2021-11-27,BALI,57541,56128,508
2021-11-27,SULAWESI SELATAN,50203,59507,189
2021-11-27,SUMATERA UTARA,50070,55647,312
2021-11-27,SUMATERA BARAT,39277,49214,1351
2021-11-27,KALIMANTAN SELATAN,35486,34150,276
2021-11-27,NUSA TENGGARA TIMUR,30094,33730,183
2021-11-27,SUMATERA SELATAN,29631,30048,249
2021-11-27,KEPULAUAN RIAU,27603,26226,50
2021-11-27,KEPULAUAN BANGKA BELITUNG,24357,27863,19
2021-11-27,LAMPUNG,21871,27736,63
2021-11-27,SULAWESI TENGAH,21149,25924,59
2021-11-27,KALIMANTAN TENGAH,22795,22649,168
2021-11-27,KALIMANTAN BARAT,20504,20962,48
2021-11-27,ACEH,18427,19952,32
2021-11-27,KALIMANTAN UTARA,19015,16551,310
2021-11-27,SULAWESI UTARA,16736,17853,107
2021-11-27,PAPUA,17185,15334,1814
2021-11-27,JAMBI,13437,14652,1677
2021-11-27,NUSA TENGGARA BARAT,13776,13980,17
2021-11-27,PAPUA BARAT,12197,11078,79
2021-11-27,BENGKULU,10390,12193,520
2021-11-27,SULAWESI TENGGARA,9921,10166,70
2021-11-27,MALUKU,7065,7388,132
2021-11-27,SULAWESI BARAT,5587,6761,3
2021-11-27,MALUKU UTARA,6062,5806,231
2021-11-27,GORONTALO,5684,6146,4
2021-11-25,DKI JAKARTA,424151,428904,10632
2021-11-25,JAWA BARAT,339045,358400,10085
2021-11-25,JAWA TENGAH,215576,251077,19553
2021-11-25,JAWA TIMUR,189403,206035,3820
2021-11-25,KALIMANTAN TIMUR,88001,69450,755
2021-11-25,DAERAH ISTIMEWA YOGYAKARTA,74524,81884,198
2021-11-25,BANTEN,66282,66070,289
2021-11-25,RIAU,63669,64963,16
2021-11-25,BALI,57527,56114,508
2021-11-25,SULAWESI SELATAN,50199,59506,189
2021-11-25,SUMATERA UTARA,50063,55641,312
2021-11-25,SUMATERA BARAT,39273,49212,1351
2021-11-25,KALIMANTAN SELATAN,35483,34146,276
2021-11-25,NUSA TENGGARA TIMUR,30084,33724,183
2021-11-25,SUMATERA SELATAN,29628,30048,249
2021-11-25,KEPULAUAN RIAU,27602,26225,50
2021-11-25,KEPULAUAN BANGKA BELITUNG,24354,27853,19
2021-11-25,LAMPUNG,21868,27736,63
2021-11-25,SULAWESI TENGAH,21146,25919,59
2021-11-25,KALIMANTAN TENGAH,22795,22649,168
2021-11-25,KALIMANTAN BARAT,20496,20953,48
2021-11-25,ACEH,18425,19952,32
2021-11-25,KALIMANTAN UTARA,19011,16549,310
2021-11-25,SULAWESI UTARA,16734,17851,107
2021-11-25,PAPUA,17179,15329,1814
2021-11-25,JAMBI,13436,14652,1677
2021-11-25,NUSA TENGGARA BARAT,13776,13978,17
2021-11-25,PAPUA BARAT,12184,11075,79
2021-11-25,BENGKULU,10390,12193,520
2021-11-25,SULAWESI TENGGARA,9921,10166,70
2021-11-25,MALUKU,7065,7388,132
2021-11-25,SULAWESI BARAT,5587,6760,3
2021-11-25,MALUKU UTARA,6061,5805,231
2021-11-25,GORONTALO,5684,6146,4
2021-11-25,BANTEN,66281,66071,289
2021-11-24,DKI JAKARTA,424125,428876,10632
2021-11-24,JAWA BARAT,339026,358375,10085
2021-11-24,JAWA TENGAH,215558,251050,19553
2021-11-24,JAWA TIMUR,189386,206020,3820
2021-11-24,KALIMANTAN TIMUR,87999,69448,755
2021-11-24,DAERAH ISTIMEWA YOGYAKARTA,74496,81833,198
2021-11-24,BANTEN,66276,66067,289
2021-11-24,RIAU,63660,64958,16
2021-11-24,BALI,57522,56106,508
2021-11-24,SULAWESI SELATAN,50195,59503,189
2021-11-24,SUMATERA UTARA,50056,55639,312
2021-11-24,SUMATERA BARAT,39272,49211,1351
2021-11-24,KALIMANTAN SELATAN,35477,34141,276
2021-11-24,NUSA TENGGARA TIMUR,30072,33718,183
2021-11-24,SUMATERA SELATAN,29628,30048,249
2021-11-24,KEPULAUAN RIAU,27600,26224,50
2021-11-24,KEPULAUAN BANGKA BELITUNG,24354,27850,19
2021-11-24,LAMPUNG,21865,27736,63
2021-11-24,SULAWESI TENGAH,21145,25919,59
2021-11-24,KALIMANTAN TENGAH,22795,22645,168
2021-11-24,KALIMANTAN BARAT,20492,20952,48
2021-11-24,ACEH,18424,19952,32
2021-11-24,KALIMANTAN UTARA,19011,16548,310
2021-11-24,SULAWESI UTARA,16734,17851,107
2021-11-24,PAPUA,17179,15327,1814
2021-11-24,JAMBI,13436,14652,1677
2021-11-24,NUSA TENGGARA BARAT,13774,13978,17
2021-11-24,PAPUA BARAT,12182,11073,79
2021-11-24,BENGKULU,10389,12193,520
2021-11-24,SULAWESI TENGGARA,9920,10166,70
2021-11-24,MALUKU,7065,7388,132
2021-11-24,SULAWESI BARAT,5587,6760,3
2021-11-24,MALUKU UTARA,6061,5805,231
2021-11-24,GORONTALO,5684,6146,4
2021-11-23,DKI JAKARTA,424091,428828,10632
2021-11-23,JAWA BARAT,338980,358336,10085
2021-11-23,JAWA TENGAH,215533,251022,19553
2021-11-23,JAWA TIMUR,189370,206000,3820
2021-11-23,KALIMANTAN TIMUR,87991,69444,755
2021-11-23,DAERAH ISTIMEWA YOGYAKARTA,74479,81815,198
2021-11-23,BANTEN,66269,66064,289
2021-11-23,RIAU,63644,64945,16
2021-11-23,BALI,57515,56097,508
2021-11-23,SULAWESI SELATAN,50194,59499,189
2021-11-23,SUMATERA UTARA,50052,55637,312
2021-11-23,SUMATERA BARAT,39271,49210,1351
2021-11-23,KALIMANTAN SELATAN,35472,34140,276
2021-11-23,NUSA TENGGARA TIMUR,30064,33709,183
2021-11-23,SUMATERA SELATAN,29625,30047,249
2021-11-23,KEPULAUAN RIAU,27598,26224,50
2021-11-23,KEPULAUAN BANGKA BELITUNG,24349,27848,19
2021-11-23,LAMPUNG,21865,27736,63
2021-11-23,SULAWESI TENGAH,21145,25918,59
2021-11-23,KALIMANTAN TENGAH,22793,22645,168
2021-11-23,KALIMANTAN BARAT,20479,20948,48
2021-11-23,ACEH,18426,19949,32
2021-11-23,KALIMANTAN UTARA,19011,16547,310
2021-11-23,SULAWESI UTARA,16733,17850,107
2021-11-23,PAPUA,17173,15324,1814
2021-11-23,JAMBI,13436,14651,1677
2021-11-23,NUSA TENGGARA BARAT,13772,13978,17
2021-11-23,PAPUA BARAT,12175,11073,79
2021-11-23,BENGKULU,10389,12193,520
2021-11-23,SULAWESI TENGGARA,9919,10166,70
2021-11-23,MALUKU,7065,7388,132
2021-11-23,SULAWESI BARAT,5587,6760,3
2021-11-23,MALUKU UTARA,6061,5805,231
2021-11-23,GORONTALO,5684,6146,4
2021-11-23,DKI JAKARTA,424067,428783,10632
2021-11-23,JAWA BARAT,338952,358307,10085
2021-11-23,JAWA TENGAH,215513,251002,19553
2021-11-23,JAWA TIMUR,189352,205975,3820
2021-11-23,KALIMANTAN TIMUR,87989,69439,755
2021-11-23,DAERAH ISTIMEWA YOGYAKARTA,74469,81810,198
2021-11-23,BANTEN,66266,66059,289
2021-11-23,RIAU,63617,64937,16
2021-11-23,BALI,57510,56090,508
2021-11-23,SULAWESI SELATAN,50192,59496,189
2021-11-23,SUMATERA UTARA,50045,55634,312
2021-11-23,SUMATERA BARAT,39271,49209,1351
2021-11-23,NUSA TENGGARA TIMUR,30055,33699,183
2021-11-23,SUMATERA SELATAN,29624,30045,249
2021-11-23,KEPULAUAN BANGKA BELITUNG,24345,27846,19
2021-11-23,LAMPUNG,21865,27731,63
2021-11-23,SULAWESI TENGAH,21144,25917,59
2021-11-23,KALIMANTAN TENGAH,22790,22644,168
2021-11-23,KALIMANTAN BARAT,20467,20932,48
2021-11-23,ACEH,18425,19949,32
2021-11-23,SULAWESI UTARA,16729,17847,107
2021-11-23,PAPUA,17171,15319,1814
2021-11-23,NUSA TENGGARA BARAT,13771,13978,17
2021-11-23,PAPUA BARAT,12172,11071,79
2021-11-23,SULAWESI TENGGARA,9917,10165,70
2021-11-21,DKI JAKARTA,424052,428772,10632
2021-11-21,JAWA BARAT,338938,358291,10085
2021-11-21,JAWA TENGAH,215506,250995,19553
2021-11-21,JAWA TIMUR,189340,205967,3820
2021-11-21,KALIMANTAN TIMUR,87984,69435,755
2021-11-21,DAERAH ISTIMEWA YOGYAKARTA,74462,81805,198
2021-11-21,BANTEN,66265,66058,289
2021-11-21,RIAU,63610,64932,16
2021-11-21,BALI,57510,56085,508
2021-11-21,SULAWESI SELATAN,50187,59495,189
2021-11-21,SUMATERA UTARA,50045,55633,312
2021-11-21,SUMATERA BARAT,39271,49209,1351
2021-11-21,KALIMANTAN SELATAN,35472,34139,276
2021-11-21,NUSA TENGGARA TIMUR,30047,33696,183
2021-11-21,SUMATERA SELATAN,29624,30045,249
2021-11-21,KEPULAUAN RIAU,27596,26224,50
2021-11-21,KEPULAUAN BANGKA BELITUNG,24342,27842,19
2021-11-21,LAMPUNG,21866,27729,63
2021-11-21,SULAWESI TENGAH,21143,25916,59
2021-11-21,KALIMANTAN TENGAH,22790,22643,168
2021-11-21,KALIMANTAN BARAT,20463,20931,48
2021-11-21,ACEH,18424,19949,32
2021-11-21,KALIMANTAN UTARA,19011,16547,310
2021-11-21,SULAWESI UTARA,16730,17844,107
2021-11-21,PAPUA,17170,15318,1814
2021-11-21,JAMBI,13434,14651,1677
2021-11-21,NUSA TENGGARA BARAT,13769,13975,17
2021-11-21,PAPUA BARAT,12168,11071,79
2021-11-21,BENGKULU,10389,12193,520
2021-11-21,SULAWESI TENGGARA,9917,10165,70
2021-11-21,MALUKU,7065,7388,132
2021-11-21,SULAWESI BARAT,5587,6760,3
2021-11-21,MALUKU UTARA,6061,5805,231
2021-11-21,GORONTALO,5684,6146,4
2021-11-20,DKI JAKARTA,423990,428723,10632
2021-11-20,JAWA BARAT,338920,358273,10085
2021-11-20,JAWA TENGAH,215496,250985,19553
2021-11-20,JAWA TIMUR,189334,205951,3820
2021-11-20,KALIMANTAN TIMUR,87978,69434,755
2021-11-20,DAERAH ISTIMEWA YOGYAKARTA,74460,81796,198
2021-11-20,BANTEN,66260,66054,289
2021-11-20,RIAU,63606,64924,16
2021-11-20,BALI,57505,56084,508
2021-11-20,SULAWESI SELATAN,50186,59493,189
2021-11-20,SUMATERA UTARA,50045,55628,312
2021-11-20,SUMATERA BARAT,39271,49209,1351
2021-11-20,KALIMANTAN SELATAN,35472,34139,276
2021-11-20,NUSA TENGGARA TIMUR,30022,33686,183
2021-11-20,SUMATERA SELATAN,29623,30046,249
2021-11-20,KEPULAUAN RIAU,27596,26224,50
2021-11-20,KEPULAUAN BANGKA BELITUNG,24340,27840,19
2021-11-20,LAMPUNG,21863,27720,63
2021-11-20,SULAWESI TENGAH,21144,25914,59
2021-11-20,KALIMANTAN TENGAH,22790,22642,168
2021-11-20,KALIMANTAN BARAT,20458,20925,48
2021-11-20,ACEH,18424,19948,32
2021-11-20,KALIMANTAN UTARA,19011,16547,310
2021-11-20,SULAWESI UTARA,16729,17843,107
2021-11-20,PAPUA,17170,15317,1814
2021-11-20,JAMBI,13434,14650,1677
2021-11-20,NUSA TENGGARA BARAT,13768,13975,17
2021-11-20,PAPUA BARAT,12163,11071,79
2021-11-20,BENGKULU,10389,12193,520
2021-11-20,SULAWESI TENGGARA,9915,10165,70
2021-11-20,MALUKU,7064,7388,132
2021-11-20,SULAWESI BARAT,5587,6760,3
2021-11-20,MALUKU UTARA,6061,5805,231
2021-11-20,GORONTALO,5684,6145,4
2021-11-19,DKI JAKARTA,423934,428665,10632
2021-11-19,JAWA BARAT,338897,358253,10085
2021-11-19,JAWA TENGAH,215482,250944,19553
2021-11-19,JAWA TIMUR,189323,205935,3820
2021-11-19,KALIMANTAN TIMUR,87976,69428,755
2021-11-19,DAERAH ISTIMEWA YOGYAKARTA,74455,81791,198
2021-11-19,BANTEN,66258,66050,289
2021-11-19,RIAU,63600,64921,16
2021-11-19,BALI,57504,56082,508
2021-11-19,SULAWESI SELATAN,50184,59490,189
2021-11-19,SUMATERA UTARA,50041,55626,312
2021-11-19,SUMATERA BARAT,39270,49209,1351
2021-11-19,KALIMANTAN SELATAN,35472,34138,276
2021-11-19,NUSA TENGGARA TIMUR,30021,33677,183
2021-11-19,SUMATERA SELATAN,29621,30046,249
2021-11-19,KEPULAUAN RIAU,27596,26224,50
2021-11-19,KEPULAUAN BANGKA BELITUNG,24335,27833,19
2021-11-19,LAMPUNG,21860,27716,63
2021-11-19,SULAWESI TENGAH,21140,25911,59
2021-11-19,KALIMANTAN TENGAH,22790,22637,168
2021-11-19,KALIMANTAN BARAT,20433,20914,48
2021-11-19,ACEH,18421,19947,32
2021-11-19,KALIMANTAN UTARA,19010,16547,310
2021-11-19,SULAWESI UTARA,16725,17840,107
2021-11-19,PAPUA,17167,15316,1814
2021-11-19,JAMBI,13433,14650,1677
2021-11-19,NUSA TENGGARA BARAT,13767,13975,17
2021-11-19,PAPUA BARAT,12159,11070,79
2021-11-19,BENGKULU,10389,12193,520
2021-11-19,SULAWESI TENGGARA,9915,10165,70
2021-11-19,MALUKU,7064,7388,132
2021-11-19,SULAWESI BARAT,5587,6759,3
2021-11-19,MALUKU UTARA,6061,5804,231
2021-11-19,GORONTALO,5684,6145,4
