tanggal,provinsi,0-5,6-18,19-30,31-45,46-59,â‰¥ 60,tidak_diketahui
2022-01-16,DKI JAKARTA,28126,83907,231450,254754,170630,88037,14020
2022-01-16,JAWA BARAT,21871,78926,171035,198083,153243,72715,13688
2022-01-16,JAWA TENGAH,12235,45409,108852,128962,119322,72074,260
2022-01-16,JAWA TIMUR,7960,29587,82664,107508,105588,65892,1142
2022-01-16,KALIMANTAN TIMUR,5153,16628,42166,50239,29927,11910,2373
2022-01-16,DAERAH ISTIMEWA YOGYAKARTA,6683,21877,33359,36319,33942,23603,1289
2022-01-16,BANTEN,3719,13281,34235,40104,29495,12190,350
2022-01-16,RIAU,4529,14679,31667,39078,26210,12327,455
2022-01-16,BALI,3434,10680,27237,29241,26660,17200,46
2022-01-16,SULAWESI SELATAN,2797,10314,30529,32588,19802,11440,2612
2022-01-16,SUMATERA UTARA,2650,11405,24451,29932,22376,14850,492
2022-01-16,SUMATERA BARAT,2563,11283,22008,23178,18161,11430,1259
2022-01-16,KALIMANTAN SELATAN,1665,6369,19051,20923,14602,6447,906
2022-01-16,NUSA TENGGARA TIMUR,2086,9515,17101,17644,10486,5902,1610
2022-01-16,SUMATERA SELATAN,1576,4787,13703,17807,12834,8799,494
2022-01-16,KEPULAUAN RIAU,1613,5795,16010,17090,9694,4323,236
2022-01-16,KEPULAUAN BANGKA BELITUNG,1881,8161,12007,15434,9195,5656,48
2022-01-16,LAMPUNG,788,3678,9755,13636,12646,8303,960
2022-01-16,SULAWESI TENGAH,1267,4757,12451,13998,9198,5206,410
2022-01-16,KALIMANTAN TENGAH,1386,4953,11936,13838,9308,3936,320
2022-01-16,KALIMANTAN BARAT,1024,4846,10589,11845,8305,4975,146
2022-01-16,ACEH,546,2655,8732,12231,8546,5705,21
2022-01-16,KALIMANTAN UTARA,962,4366,10102,11265,6232,2689,355
2022-01-16,SULAWESI UTARA,817,2965,8214,10019,7478,5184,162
2022-01-16,PAPUA,1086,3408,9650,11077,6466,2176,536
2022-01-16,JAMBI,897,3644,7095,8838,6169,3089,63
2022-01-16,NUSA TENGGARA BARAT,735,1821,7578,8808,5459,3365,57
2022-01-16,PAPUA BARAT,832,2570,7160,7793,3794,1520,85
2022-01-16,BENGKULU,494,2170,5510,7172,4920,2782,59
2022-01-16,SULAWESI TENGGARA,376,1463,6096,6574,3673,1838,154
2022-01-16,MALUKU,233,1222,4153,4748,2601,987,655
2022-01-16,SULAWESI BARAT,255,1650,3424,3856,1979,1153,54
2022-01-16,MALUKU UTARA,203,853,3614,4281,1992,915,256
2022-01-16,GORONTALO,216,872,3719,3676,2270,1050,49
2022-01-16,DKI JAKARTA,28126,83907,231449,254754,170631,88037,14020
2022-01-16,JAWA BARAT,21872,78926,171035,198080,153243,72715,13688
2022-01-16,JAWA TIMUR,7960,29587,82664,107508,105588,65891,1142
2022-01-16,BANTEN,3718,13280,34235,40103,29495,12189,350
2022-01-16,BALI,3434,10680,27236,29241,26660,17200,46
2022-01-16,SULAWESI UTARA,817,2964,8214,10019,7478,5184,162
2022-01-16,DKI JAKARTA,28126,83907,231450,254753,170631,88037,14020
2022-01-16,JAWA BARAT,21871,78926,171035,198080,153243,72715,13688
2022-01-16,JAWA TIMUR,7960,29588,82663,107508,105588,65891,1142
2022-01-16,BANTEN,3718,13279,34234,40102,29493,12188,351
2022-01-16,NUSA TENGGARA TIMUR,2085,9515,17102,17644,10486,5902,1610
2022-01-15,DKI JAKARTA,28112,83843,231303,254566,170522,87996,14020
2022-01-15,JAWA BARAT,21869,78923,171018,198066,153239,72712,13688
2022-01-15,JAWA TENGAH,12233,45408,108848,128958,119320,72071,260
2022-01-15,JAWA TIMUR,7960,29587,82660,107507,105588,65891,1142
2022-01-15,KALIMANTAN TIMUR,5152,16628,42165,50238,29927,11910,2373
2022-01-15,DAERAH ISTIMEWA YOGYAKARTA,6681,21875,33358,36319,33942,23603,1289
2022-01-15,BANTEN,3716,13278,34224,40096,29491,12184,351
2022-01-15,RIAU,4529,14679,31667,39078,26210,12327,455
2022-01-15,BALI,3434,10678,27232,29239,26657,17200,46
2022-01-15,SULAWESI SELATAN,2796,10312,30529,32588,19802,11440,2612
2022-01-15,SUMATERA UTARA,2650,11405,24451,29932,22376,14850,492
2022-01-15,SUMATERA BARAT,2563,11283,22008,23178,18161,11429,1259
2022-01-15,KALIMANTAN SELATAN,1665,6369,19051,20923,14602,6447,906
2022-01-15,NUSA TENGGARA TIMUR,2083,9514,17102,17642,10484,5901,1610
2022-01-15,SUMATERA SELATAN,1576,4787,13703,17807,12834,8799,494
2022-01-15,KEPULAUAN RIAU,1613,5795,16010,17086,9694,4323,236
2022-01-15,KEPULAUAN BANGKA BELITUNG,1881,8161,12007,15434,9195,5656,48
2022-01-15,LAMPUNG,788,3678,9755,13636,12646,8303,960
2022-01-15,SULAWESI TENGAH,1267,4757,12451,13998,9198,5206,410
2022-01-15,KALIMANTAN TENGAH,1386,4953,11936,13838,9308,3936,320
2022-01-15,KALIMANTAN BARAT,1024,4846,10586,11844,8304,4975,146
2022-01-15,ACEH,546,2655,8732,12231,8546,5705,21
2022-01-15,KALIMANTAN UTARA,962,4366,10102,11265,6232,2689,355
2022-01-15,SULAWESI UTARA,817,2964,8213,10019,7478,5184,162
2022-01-15,PAPUA,1086,3408,9650,11076,6465,2176,536
2022-01-15,JAMBI,897,3644,7095,8838,6169,3089,63
2022-01-15,NUSA TENGGARA BARAT,735,1821,7578,8808,5458,3365,57
2022-01-15,PAPUA BARAT,832,2570,7160,7793,3794,1520,85
2022-01-15,BENGKULU,494,2170,5510,7172,4920,2782,59
2022-01-15,SULAWESI TENGGARA,376,1463,6096,6574,3673,1838,154
2022-01-15,MALUKU,233,1222,4153,4748,2601,987,655
2022-01-15,SULAWESI BARAT,255,1650,3424,3856,1979,1153,54
2022-01-15,MALUKU UTARA,203,853,3612,4281,1992,915,256
2022-01-15,GORONTALO,216,872,3719,3676,2270,1050,49
2022-01-15,DKI JAKARTA,28095,83724,230956,254105,170256,87932,14020
2022-01-15,JAWA BARAT,21865,78902,170967,198021,153204,72698,13688
2022-01-15,JAWA TENGAH,12231,45403,108847,128955,119320,72067,260
2022-01-15,JAWA TIMUR,7959,29584,82653,107503,105579,65886,1142
2022-01-15,KALIMANTAN TIMUR,5152,16628,42161,50233,29922,11910,2373
2022-01-15,DAERAH ISTIMEWA YOGYAKARTA,6681,21872,33357,36319,33941,23601,1289
2022-01-15,BANTEN,3713,13265,34172,40041,29468,12179,351
2022-01-15,RIAU,4529,14679,31667,39078,26210,12326,455
2022-01-15,BALI,3434,10678,27228,29236,26657,17198,46
2022-01-15,SULAWESI SELATAN,2796,10308,30528,32585,19800,11439,2612
2022-01-15,SUMATERA UTARA,2650,11405,24451,29933,22376,14848,492
2022-01-15,KALIMANTAN SELATAN,1665,6369,19051,20922,14602,6447,906
2022-01-15,NUSA TENGGARA TIMUR,2083,9513,17097,17638,10484,5899,1610
2022-01-15,SUMATERA SELATAN,1576,4787,13702,17807,12834,8799,494
2022-01-15,KEPULAUAN RIAU,1613,5795,16007,17081,9694,4323,236
2022-01-15,KEPULAUAN BANGKA BELITUNG,1881,8161,12006,15434,9194,5656,48
2022-01-15,LAMPUNG,788,3677,9755,13635,12645,8303,960
2022-01-15,SULAWESI TENGAH,1267,4756,12450,13997,9197,5205,410
2022-01-15,KALIMANTAN TENGAH,1384,4953,11936,13838,9308,3936,320
2022-01-15,KALIMANTAN BARAT,1024,4845,10583,11841,8303,4974,146
2022-01-15,KALIMANTAN UTARA,962,4363,10102,11264,6231,2688,355
2022-01-15,SULAWESI UTARA,817,2963,8211,10017,7478,5183,162
2022-01-15,PAPUA,1086,3408,9649,11075,6464,2176,536
2022-01-15,JAMBI,897,3644,7094,8838,6169,3089,63
2022-01-15,NUSA TENGGARA BARAT,735,1821,7577,8808,5456,3365,57
2022-01-15,PAPUA BARAT,832,2570,7160,7792,3794,1519,85
2022-01-15,MALUKU,233,1222,4151,4748,2601,987,655
2022-01-15,MALUKU UTARA,203,853,3611,4280,1992,915,256
2022-01-15,GORONTALO,216,872,3718,3676,2270,1049,49
2022-01-13,DKI JAKARTA,28095,83724,230956,254105,170256,87932,14020
2022-01-13,JAWA BARAT,21861,78893,170956,198008,153191,72695,13688
2022-01-13,JAWA TENGAH,12231,45403,108847,128955,119320,72067,260
2022-01-13,JAWA TIMUR,7958,29582,82649,107497,105578,65885,1142
2022-01-13,KALIMANTAN TIMUR,5152,16628,42160,50232,29922,11910,2373
2022-01-13,DAERAH ISTIMEWA YOGYAKARTA,6681,21872,33357,36319,33941,23599,1289
2022-01-13,BANTEN,3712,13259,34154,40031,29460,12177,351
2022-01-13,RIAU,4529,14679,31667,39078,26210,12326,455
2022-01-13,BALI,3432,10678,27228,29233,26657,17196,46
2022-01-13,SULAWESI SELATAN,2796,10308,30527,32584,19800,11439,2612
2022-01-13,SUMATERA UTARA,2650,11405,24450,29931,22376,14848,492
2022-01-13,SUMATERA BARAT,2563,11283,22008,23178,18161,11429,1259
2022-01-13,KALIMANTAN SELATAN,1665,6369,19051,20922,14602,6447,906
2022-01-13,NUSA TENGGARA TIMUR,2083,9511,17096,17637,10483,5899,1610
2022-01-13,SUMATERA SELATAN,1576,4787,13702,17807,12834,8799,494
2022-01-13,KEPULAUAN RIAU,1613,5795,16007,17077,9693,4323,236
2022-01-13,KEPULAUAN BANGKA BELITUNG,1881,8161,12006,15434,9194,5656,48
2022-01-13,LAMPUNG,787,3675,9755,13634,12644,8302,960
2022-01-13,SULAWESI TENGAH,1267,4756,12450,13996,9197,5205,410
2022-01-13,KALIMANTAN TENGAH,1384,4952,11936,13838,9308,3936,320
2022-01-13,KALIMANTAN BARAT,1024,4845,10583,11841,8303,4974,146
2022-01-13,ACEH,546,2655,8732,12231,8545,5705,21
2022-01-13,KALIMANTAN UTARA,962,4363,10102,11264,6231,2688,355
2022-01-13,SULAWESI UTARA,817,2963,8211,10017,7478,5183,162
2022-01-13,PAPUA,1086,3408,9649,11074,6464,2176,536
2022-01-13,JAMBI,897,3644,7094,8838,6169,3089,63
2022-01-13,NUSA TENGGARA BARAT,735,1821,7576,8808,5456,3365,57
2022-01-13,PAPUA BARAT,832,2570,7158,7792,3794,1519,85
2022-01-13,BENGKULU,494,2170,5510,7172,4920,2782,59
2022-01-13,SULAWESI TENGGARA,376,1463,6096,6574,3673,1838,154
2022-01-13,MALUKU,233,1222,4150,4748,2601,987,655
2022-01-13,SULAWESI BARAT,255,1650,3424,3856,1979,1153,54
2022-01-13,MALUKU UTARA,203,853,3611,4280,1992,915,256
2022-01-13,GORONTALO,216,872,3718,3676,2270,1049,49
2022-01-13,DKI JAKARTA,28095,83724,230956,254105,170255,87933,14020
2022-01-13,DKI JAKARTA,28084,83679,230849,253915,170157,87906,14020
2022-01-13,JAWA BARAT,21857,78885,170933,197982,153173,72687,13688
2022-01-13,JAWA TENGAH,12230,45400,108841,128951,119320,72062,260
2022-01-13,JAWA TIMUR,7956,29579,82640,107495,105572,65884,1142
2022-01-13,KALIMANTAN TIMUR,5151,16628,42155,50227,29920,11910,2373
2022-01-13,DAERAH ISTIMEWA YOGYAKARTA,6681,21872,33357,36318,33938,23596,1289
2022-01-13,BANTEN,3711,13252,34135,40015,29452,12174,351
2022-01-13,RIAU,4528,14679,31666,39078,26210,12326,455
2022-01-13,BALI,3429,10677,27218,29228,26653,17194,46
2022-01-13,SULAWESI SELATAN,2795,10302,30525,32583,19798,11434,2612
2022-01-13,SUMATERA UTARA,2650,11403,24450,29930,22375,14847,492
2022-01-13,SUMATERA BARAT,2563,11282,22007,23178,18160,11429,1259
2022-01-13,NUSA TENGGARA TIMUR,2083,9511,17096,17635,10483,5899,1610
2022-01-13,SUMATERA SELATAN,1576,4787,13702,17807,12833,8798,494
2022-01-13,KEPULAUAN RIAU,1613,5795,16003,17066,9688,4323,236
2022-01-13,KEPULAUAN BANGKA BELITUNG,1881,8161,12006,15434,9194,5655,48
2022-01-13,SULAWESI TENGAH,1267,4756,12446,13995,9196,5205,410
2022-01-13,KALIMANTAN BARAT,1024,4844,10582,11838,8302,4974,146
2022-01-13,KALIMANTAN UTARA,961,4363,10102,11264,6231,2688,355
2022-01-13,SULAWESI UTARA,816,2962,8210,10017,7477,5182,162
2022-01-13,PAPUA,1086,3408,9648,11074,6464,2175,536
2022-01-13,PAPUA BARAT,832,2569,7157,7784,3793,1519,85
2022-01-11,DKI JAKARTA,28074,83544,230710,253707,170051,87864,14020
2022-01-11,JAWA BARAT,21845,78838,170880,197911,153126,72665,13688
2022-01-11,JAWA TENGAH,12223,45390,108801,128916,119292,72046,260
2022-01-11,JAWA TIMUR,7952,29567,82610,107468,105544,65851,1142
2022-01-11,KALIMANTAN TIMUR,5148,16623,42146,50212,29910,11908,2373
2022-01-11,DAERAH ISTIMEWA YOGYAKARTA,6675,21833,33345,36298,33922,23588,1289
2022-01-11,BANTEN,3708,13225,34118,39984,29423,12168,351
2022-01-11,RIAU,4528,14678,31661,39074,26205,12324,455
2022-01-11,BALI,3427,10674,27204,29216,26642,17179,46
2022-01-11,SULAWESI SELATAN,2794,10297,30510,32572,19793,11427,2612
2022-01-11,SUMATERA UTARA,2649,11403,24445,29922,22366,14839,492
2022-01-11,SUMATERA BARAT,2562,11281,21995,23174,18160,11427,1259
2022-01-11,KALIMANTAN SELATAN,1665,6367,19050,20915,14600,6444,906
2022-01-11,NUSA TENGGARA TIMUR,2083,9511,17087,17621,10479,5897,1610
2022-01-11,SUMATERA SELATAN,1576,4786,13699,17804,12829,8797,494
2022-01-11,KEPULAUAN RIAU,1613,5794,15998,17060,9684,4322,236
2022-01-11,KEPULAUAN BANGKA BELITUNG,1879,8161,12003,15428,9188,5647,48
2022-01-11,LAMPUNG,787,3673,9754,13632,12642,8302,960
2022-01-11,SULAWESI TENGAH,1266,4756,12443,13994,9189,5203,410
2022-01-11,KALIMANTAN TENGAH,1383,4950,11933,13836,9305,3935,320
2022-01-11,KALIMANTAN BARAT,1022,4841,10576,11834,8296,4973,146
2022-01-11,ACEH,545,2654,8730,12227,8541,5700,21
2022-01-11,KALIMANTAN UTARA,961,4360,10097,11259,6227,2686,355
2022-01-11,SULAWESI UTARA,816,2959,8209,10013,7477,5179,162
2022-01-11,PAPUA,1085,3407,9645,11061,6461,2173,536
2022-01-11,JAMBI,897,3644,7094,8836,6168,3089,63
2022-01-11,NUSA TENGGARA BARAT,734,1820,7574,8806,5456,3362,57
2022-01-11,PAPUA BARAT,831,2568,7153,7774,3787,1519,85
2022-01-11,BENGKULU,494,2170,5510,7172,4920,2782,59
2022-01-11,SULAWESI TENGGARA,376,1463,6096,6574,3670,1838,154
2022-01-11,MALUKU,233,1222,4149,4748,2599,987,655
2022-01-11,SULAWESI BARAT,255,1650,3422,3854,1978,1152,54
2022-01-11,MALUKU UTARA,203,853,3610,4278,1992,915,256
2022-01-11,GORONTALO,216,872,3716,3674,2270,1049,49
2022-01-08,DKI JAKARTA,28040,83517,230432,253230,169850,87820,14020
2022-01-08,JAWA BARAT,21846,78868,170894,197926,153137,72673,13688
2022-01-08,JAWA TENGAH,12226,45395,108832,128937,119307,72058,260
2022-01-08,JAWA TIMUR,7951,29574,82617,107477,105560,65876,1142
2022-01-08,KALIMANTAN TIMUR,5149,16626,42151,50221,29920,11910,2373
2022-01-08,DAERAH ISTIMEWA YOGYAKARTA,6680,21867,33352,36314,33934,23588,1289
2022-01-08,BANTEN,3707,13233,34111,39964,29419,12166,351
2022-01-08,RIAU,4528,14679,31666,39077,26208,12326,455
2022-01-08,BALI,3428,10674,27208,29225,26649,17190,46
2022-01-08,SULAWESI SELATAN,2795,10297,30520,32578,19797,11431,2612
2022-01-08,SUMATERA UTARA,2650,11400,24447,29928,22374,14847,492
2022-01-08,SUMATERA BARAT,2563,11280,22007,23176,18160,11429,1259
2022-01-08,KALIMANTAN SELATAN,1665,6368,19051,20922,14602,6447,906
2022-01-08,NUSA TENGGARA TIMUR,2081,9508,17089,17630,10481,5898,1610
2022-01-08,SUMATERA SELATAN,1576,4786,13702,17805,12833,8794,494
2022-01-08,KEPULAUAN RIAU,1607,5792,15973,17024,9664,4319,236
2022-01-08,KEPULAUAN BANGKA BELITUNG,1881,8161,12005,15431,9192,5655,48
2022-01-08,LAMPUNG,787,3675,9755,13634,12644,8302,960
2022-01-08,SULAWESI TENGAH,1267,4756,12446,13994,9195,5204,410
2022-01-08,KALIMANTAN TENGAH,1383,4952,11936,13837,9308,3935,320
2022-01-08,KALIMANTAN BARAT,1024,4841,10579,11832,8299,4974,146
2022-01-08,ACEH,546,2655,8732,12230,8543,5705,21
2022-01-08,KALIMANTAN UTARA,961,4363,10102,11264,6231,2687,355
2022-01-08,SULAWESI UTARA,816,2961,8207,10015,7477,5181,162
2022-01-08,PAPUA,1087,3406,9646,11073,6463,2175,536
2022-01-08,JAMBI,897,3644,7094,8837,6169,3089,63
2022-01-08,NUSA TENGGARA BARAT,734,1820,7574,8807,5456,3364,57
2022-01-08,PAPUA BARAT,831,2568,7157,7781,3793,1519,85
2022-01-08,BENGKULU,494,2169,5510,7172,4920,2782,59
2022-01-08,SULAWESI TENGGARA,376,1463,6096,6574,3672,1838,154
2022-01-08,MALUKU,233,1222,4150,4748,2601,987,655
2022-01-08,SULAWESI BARAT,255,1650,3424,3855,1979,1153,54
2022-01-08,MALUKU UTARA,203,853,3609,4278,1992,915,256
2022-01-08,GORONTALO,216,872,3718,3676,2270,1049,49
2022-01-08,DKI JAKARTA,28040,83517,230432,253231,169849,87820,14020
2022-01-08,KEPULAUAN RIAU,1606,5792,15973,17024,9664,4320,236
2022-01-08,DKI JAKARTA,28029,83471,230331,253075,169769,87799,14021
2022-01-08,JAWA BARAT,21845,78859,170871,197902,153119,72661,13688
2022-01-08,JAWA TENGAH,12225,45390,108817,128931,119301,72054,260
2022-01-08,JAWA TIMUR,7947,29572,82601,107463,105547,65868,1142
2022-01-08,KALIMANTAN TIMUR,5149,16626,42150,50220,29919,11910,2373
2022-01-08,DAERAH ISTIMEWA YOGYAKARTA,6680,21865,33350,36313,33930,23584,1289
2022-01-08,BANTEN,3704,13227,34102,39944,29404,12165,351
2022-01-08,RIAU,4528,14679,31664,39076,26209,12326,455
2022-01-08,BALI,3426,10672,27206,29222,26646,17186,46
2022-01-08,SULAWESI SELATAN,2795,10293,30519,32574,19794,11429,2612
2022-01-08,SUMATERA UTARA,2650,11400,24445,29928,22374,14846,492
2022-01-08,KALIMANTAN SELATAN,1665,6367,19050,20922,14601,6447,906
2022-01-08,NUSA TENGGARA TIMUR,2081,9507,17085,17627,10481,5897,1610
2022-01-08,SUMATERA SELATAN,1576,4786,13701,17805,12833,8794,494
2022-01-08,KEPULAUAN RIAU,1601,5786,15933,16972,9652,4320,236
2022-01-08,KEPULAUAN BANGKA BELITUNG,1879,8158,12004,15430,9191,5654,48
2022-01-08,SULAWESI TENGAH,1267,4755,12446,13991,9194,5201,410
2022-01-08,KALIMANTAN TENGAH,1383,4952,11936,13834,9305,3934,320
2022-01-08,KALIMANTAN BARAT,1024,4839,10577,11829,8299,4974,146
2022-01-08,ACEH,546,2655,8732,12230,8542,5705,21
2022-01-08,KALIMANTAN UTARA,961,4363,10100,11264,6229,2687,355
2022-01-08,SULAWESI UTARA,816,2961,8203,10012,7476,5180,162
2022-01-08,PAPUA,1087,3406,9641,11072,6461,2175,536
2022-01-08,NUSA TENGGARA BARAT,734,1819,7574,8807,5456,3364,57
2022-01-08,PAPUA BARAT,831,2568,7150,7769,3789,1519,85
2022-01-07,DKI JAKARTA,28023,83444,230257,252969,169718,87785,14021
2022-01-07,JAWA BARAT,21845,78858,170869,197899,153115,72659,13688
2022-01-07,JAWA TENGAH,12225,45390,108814,128927,119299,72053,260
2022-01-07,JAWA TIMUR,7947,29570,82597,107459,105545,65869,1142
2022-01-07,KALIMANTAN TIMUR,5149,16626,42149,50220,29919,11910,2373
2022-01-07,DAERAH ISTIMEWA YOGYAKARTA,6680,21865,33350,36313,33930,23584,1289
2022-01-07,BANTEN,3703,13225,34093,39938,29400,12163,351
2022-01-07,RIAU,4528,14679,31664,39076,26209,12326,455
2022-01-07,BALI,3426,10672,27206,29221,26645,17186,46
2022-01-07,SULAWESI SELATAN,2795,10293,30519,32574,19793,11429,2612
2022-01-07,SUMATERA UTARA,2650,11400,24445,29928,22374,14846,492
2022-01-07,SUMATERA BARAT,2563,11280,22006,23176,18160,11429,1259
2022-01-07,KALIMANTAN SELATAN,1665,6367,19050,20922,14601,6447,906
2022-01-07,NUSA TENGGARA TIMUR,2081,9507,17084,17627,10479,5897,1610
2022-01-07,SUMATERA SELATAN,1576,4786,13701,17805,12833,8794,494
2022-01-07,KEPULAUAN RIAU,1596,5786,15915,16948,9644,4320,236
2022-01-07,KEPULAUAN BANGKA BELITUNG,1879,8158,12004,15430,9191,5654,48
2022-01-07,LAMPUNG,787,3674,9755,13634,12644,8302,960
2022-01-07,SULAWESI TENGAH,1267,4754,12444,13996,9192,5201,410
2022-01-07,KALIMANTAN TENGAH,1383,4950,11936,13834,9305,3934,320
2022-01-07,KALIMANTAN BARAT,1023,4839,10577,11828,8299,4973,146
2022-01-07,ACEH,546,2655,8732,12230,8542,5705,21
2022-01-07,KALIMANTAN UTARA,961,4363,10099,11264,6229,2687,355
2022-01-07,SULAWESI UTARA,816,2960,8203,10011,7476,5180,162
2022-01-07,PAPUA,1087,3406,9641,11072,6461,2175,536
2022-01-07,JAMBI,897,3644,7094,8837,6169,3089,63
2022-01-07,NUSA TENGGARA BARAT,734,1819,7574,8807,5456,3364,57
2022-01-07,PAPUA BARAT,831,2568,7148,7761,3788,1519,85
2022-01-07,BENGKULU,494,2169,5510,7172,4920,2782,59
2022-01-07,SULAWESI TENGGARA,376,1463,6096,6574,3672,1838,154
2022-01-07,MALUKU,233,1222,4150,4748,2601,987,655
2022-01-07,SULAWESI BARAT,255,1649,3424,3855,1979,1153,54
2022-01-07,MALUKU UTARA,203,853,3608,4278,1992,915,256
2022-01-07,GORONTALO,216,872,3718,3676,2270,1049,49
2022-01-07,DKI JAKARTA,28023,83444,230256,252969,169718,87785,14021
2022-01-07,JAWA TIMUR,7946,29570,82597,107459,105545,65869,1142
2022-01-07,SULAWESI SELATAN,2795,10293,30519,32574,19792,11429,2612
2022-01-07,KEPULAUAN RIAU,1596,5786,15915,16947,9644,4320,236
2022-01-03,DKI JAKARTA,28012,83410,230119,252741,169624,87761,14021
2022-01-03,JAWA BARAT,21844,78853,170858,197885,153104,72657,13688
2022-01-03,JAWA TENGAH,12224,45388,108807,128917,119289,72049,260
2022-01-03,JAWA TIMUR,7945,29565,82590,107452,105539,65866,1142
2022-01-03,KALIMANTAN TIMUR,5149,16624,42146,50220,29917,11910,2373
2022-01-03,DAERAH ISTIMEWA YOGYAKARTA,6680,21865,33349,36313,33929,23583,1289
2022-01-03,BANTEN,3700,13225,34084,39933,29395,12160,351
2022-01-03,RIAU,4528,14679,31664,39075,26209,12326,455
2022-01-03,BALI,3426,10670,27203,29221,26645,17186,46
2022-01-03,SULAWESI SELATAN,2794,10292,30517,32573,19791,11428,2612
2022-01-03,SUMATERA UTARA,2650,11399,24445,29926,22372,14844,492
2022-01-03,SUMATERA BARAT,2563,11280,22006,23176,18160,11429,1259
2022-01-03,KALIMANTAN SELATAN,1665,6367,19050,20922,14600,6447,906
2022-01-03,NUSA TENGGARA TIMUR,2081,9501,17079,17622,10476,5894,1610
2022-01-03,SUMATERA SELATAN,1576,4786,13701,17804,12833,8794,494
2022-01-03,KEPULAUAN RIAU,1596,5783,15881,16885,9611,4316,236
2022-01-03,KEPULAUAN BANGKA BELITUNG,1878,8158,12004,15430,9191,5653,48
2022-01-03,LAMPUNG,787,3674,9754,13634,12641,8302,960
2022-01-03,SULAWESI TENGAH,1267,4754,12443,13993,9192,5199,410
2022-01-03,KALIMANTAN TENGAH,1383,4950,11935,13834,9305,3934,320
2022-01-03,KALIMANTAN BARAT,1023,4839,10571,11827,8297,4973,146
2022-01-03,ACEH,546,2655,8732,12230,8542,5705,21
2022-01-03,KALIMANTAN UTARA,960,4359,10097,11263,6227,2687,355
2022-01-03,SULAWESI UTARA,816,2960,8202,10009,7475,5179,162
2022-01-03,PAPUA,1087,3405,9641,11071,6461,2175,536
2022-01-03,JAMBI,896,3644,7094,8837,6169,3089,63
2022-01-03,NUSA TENGGARA BARAT,734,1819,7574,8807,5456,3363,57
2022-01-03,PAPUA BARAT,831,2568,7146,7750,3786,1518,85
2022-01-03,BENGKULU,494,2169,5510,7172,4920,2782,59
2022-01-03,SULAWESI TENGGARA,376,1463,6096,6574,3672,1838,154
2022-01-03,MALUKU,233,1222,4150,4748,2601,987,655
2022-01-03,SULAWESI BARAT,255,1649,3424,3855,1978,1153,54
2022-01-03,MALUKU UTARA,203,853,3608,4278,1992,915,256
2022-01-03,GORONTALO,216,871,3718,3676,2270,1049,49
2022-01-03,DKI JAKARTA,28012,83409,230118,252741,169624,87762,14022
2022-01-03,DAERAH ISTIMEWA YOGYAKARTA,6680,21865,33349,36313,33930,23582,1289
2022-01-03,NUSA TENGGARA TIMUR,2081,9501,17078,17622,10476,5894,1611
2022-01-03,DKI JAKARTA,28012,83409,230117,252741,169625,87762,14022
2022-01-03,DKI JAKARTA,28010,83395,230072,252658,169594,87749,14022
2022-01-03,JAWA BARAT,21841,78842,170847,197874,153092,72655,13688
2022-01-03,JAWA TENGAH,12223,45385,108794,128912,119284,72043,260
2022-01-03,JAWA TIMUR,7941,29559,82582,107444,105537,65858,1142
2022-01-03,KALIMANTAN TIMUR,5149,16622,42144,50217,29913,11910,2373
2022-01-03,DAERAH ISTIMEWA YOGYAKARTA,6679,21855,33348,36311,33927,23582,1289
2022-01-03,BANTEN,3699,13221,34078,39928,29394,12159,351
2022-01-03,RIAU,4527,14679,31663,39074,26208,12326,455
2022-01-03,BALI,3425,10668,27200,29218,26643,17182,46
2022-01-03,SULAWESI SELATAN,2794,10292,30515,32568,19789,11428,2612
2022-01-03,SUMATERA UTARA,2649,11399,24444,29925,22372,14841,492
2022-01-03,SUMATERA BARAT,2562,11280,22004,23176,18160,11428,1259
2022-01-03,KALIMANTAN SELATAN,1665,6367,19049,20921,14599,6446,906
2022-01-03,NUSA TENGGARA TIMUR,2080,9499,17077,17616,10474,5894,1611
2022-01-03,SUMATERA SELATAN,1576,4786,13701,17802,12832,8794,494
2022-01-03,KEPULAUAN RIAU,1595,5782,15877,16876,9607,4315,236
2022-01-03,KEPULAUAN BANGKA BELITUNG,1878,8157,12002,15430,9190,5652,48
2022-01-03,SULAWESI TENGAH,1267,4754,12441,13993,9190,5199,410
2022-01-03,KALIMANTAN TENGAH,1382,4950,11935,13834,9305,3933,320
2022-01-03,KALIMANTAN BARAT,1022,4838,10569,11825,8297,4973,146
2022-01-03,KALIMANTAN UTARA,960,4358,10094,11263,6226,2687,355
2022-01-03,SULAWESI UTARA,816,2960,8202,10008,7475,5179,162
2022-01-03,PAPUA,1086,3405,9639,11068,6460,2174,536
2022-01-03,JAMBI,896,3644,7094,8837,6168,3089,63
2022-01-03,PAPUA BARAT,831,2568,7142,7747,3785,1518,85
2022-01-03,SULAWESI BARAT,255,1649,3423,3854,1978,1153,54
2022-01-01,DKI JAKARTA,28010,83391,230057,252607,169577,87750,14023
2022-01-01,JAWA BARAT,21844,78852,170845,197881,153103,72654,13688
2022-01-01,JAWA TENGAH,12223,45386,108806,128917,119286,72044,260
2022-01-01,JAWA TIMUR,7942,29561,82582,107450,105540,65863,1143
2022-01-01,KALIMANTAN TIMUR,5149,16625,42145,50217,29915,11910,2373
2022-01-01,DAERAH ISTIMEWA YOGYAKARTA,6680,21865,33349,36311,33928,23582,1289
2022-01-01,BANTEN,3697,13223,34082,39930,29392,12158,351
2022-01-01,RIAU,4527,14679,31664,39075,26209,12326,455
2022-01-01,BALI,3426,10668,27202,29219,26645,17184,46
2022-01-01,SULAWESI SELATAN,2794,10292,30517,32571,19791,11428,2612
2022-01-01,SUMATERA UTARA,2650,11399,24444,29925,22371,14844,492
2022-01-01,SUMATERA BARAT,2563,11280,22006,23176,18160,11429,1259
2022-01-01,KALIMANTAN SELATAN,1665,6367,19050,20921,14599,6447,906
2022-01-01,NUSA TENGGARA TIMUR,2080,9501,17078,17617,10474,5893,1611
2022-01-01,SUMATERA SELATAN,1577,4786,13701,17801,12832,8794,494
2022-01-01,KEPULAUAN RIAU,1594,5780,15868,16868,9603,4315,236
2022-01-01,KEPULAUAN BANGKA BELITUNG,1878,8158,12003,15430,9191,5652,48
2022-01-01,LAMPUNG,787,3674,9754,13634,12642,8301,960
2022-01-01,SULAWESI TENGAH,1267,4755,12443,13993,9190,5198,410
2022-01-01,KALIMANTAN TENGAH,1383,4950,11935,13834,9305,3934,320
2022-01-01,KALIMANTAN BARAT,1023,4839,10570,11826,8297,4973,146
2022-01-01,ACEH,545,2655,8732,12230,8542,5705,21
2022-01-01,KALIMANTAN UTARA,960,4358,10097,11262,6227,2687,355
2022-01-01,SULAWESI UTARA,816,2960,8201,10009,7475,5179,162
2022-01-01,PAPUA,1087,3405,9639,11071,6461,2175,536
2022-01-01,JAMBI,896,3644,7094,8836,6169,3089,63
2022-01-01,NUSA TENGGARA BARAT,734,1818,7574,8807,5456,3363,57
2022-01-01,PAPUA BARAT,831,2568,7141,7745,3784,1518,85
2022-01-01,BENGKULU,494,2169,5510,7172,4920,2782,59
2022-01-01,SULAWESI TENGGARA,376,1463,6096,6574,3672,1838,154
2022-01-01,MALUKU,233,1222,4150,4748,2601,987,655
2022-01-01,SULAWESI BARAT,255,1649,3424,3855,1978,1153,54
2022-01-01,MALUKU UTARA,203,853,3608,4278,1992,915,256
2022-01-01,GORONTALO,216,871,3718,3676,2270,1049,49
2021-12-31,DKI JAKARTA,28008,83387,230022,252550,169561,87746,14023
2021-12-31,JAWA BARAT,21842,78852,170834,197879,153100,72654,13688
2021-12-31,JAWA TENGAH,12223,45385,108804,128916,119284,72044,260
2021-12-31,JAWA TIMUR,7941,29560,82576,107448,105536,65862,1143
2021-12-31,KALIMANTAN TIMUR,5149,16625,42143,50217,29915,11910,2373
2021-12-31,DAERAH ISTIMEWA YOGYAKARTA,6680,21863,33347,36310,33927,23581,1289
2021-12-31,BANTEN,3697,13219,34081,39928,29391,12158,351
2021-12-31,RIAU,4527,14679,31663,39075,26209,12326,455
2021-12-31,BALI,3426,10667,27202,29218,26644,17184,46
2021-12-31,SULAWESI SELATAN,2794,10292,30517,32568,19789,11428,2612
2021-12-31,SUMATERA UTARA,2650,11399,24443,29925,22371,14843,492
2021-12-31,SUMATERA BARAT,2563,11280,22006,23176,18160,11429,1259
2021-12-31,KALIMANTAN SELATAN,1665,6367,19050,20921,14598,6446,906
2021-12-31,NUSA TENGGARA TIMUR,2079,9501,17078,17617,10474,5893,1611
2021-12-31,SUMATERA SELATAN,1577,4786,13701,17801,12832,8794,494
2021-12-31,KEPULAUAN RIAU,1594,5778,15855,16847,9590,4312,236
2021-12-31,KEPULAUAN BANGKA BELITUNG,1878,8157,12003,15430,9191,5652,48
2021-12-31,LAMPUNG,787,3674,9754,13633,12642,8301,960
2021-12-31,SULAWESI TENGAH,1267,4755,12442,13991,9190,5198,410
2021-12-31,KALIMANTAN TENGAH,1383,4949,11935,13834,9305,3934,320
2021-12-31,KALIMANTAN BARAT,1023,4839,10570,11826,8295,4972,146
2021-12-31,ACEH,545,2655,8732,12230,8542,5705,21
2021-12-31,KALIMANTAN UTARA,960,4357,10095,11260,6226,2687,355
2021-12-31,SULAWESI UTARA,816,2959,8200,10008,7475,5179,162
2021-12-31,PAPUA,1087,3405,9639,11071,6461,2175,536
2021-12-31,JAMBI,896,3644,7094,8836,6169,3089,63
2021-12-31,NUSA TENGGARA BARAT,734,1818,7574,8806,5455,3363,57
2021-12-31,PAPUA BARAT,831,2568,7137,7738,3782,1518,85
2021-12-31,BENGKULU,494,2169,5510,7172,4920,2782,59
2021-12-31,SULAWESI TENGGARA,376,1463,6096,6574,3672,1838,154
2021-12-31,MALUKU,233,1222,4150,4748,2601,987,655
2021-12-31,SULAWESI BARAT,255,1649,3424,3855,1978,1153,54
2021-12-31,MALUKU UTARA,203,853,3608,4278,1992,915,256
2021-12-31,GORONTALO,216,871,3718,3676,2270,1049,49
2021-12-30,DKI JAKARTA,28004,83379,229991,252523,169544,87746,14023
2021-12-30,JAWA BARAT,21841,78849,170832,197874,153096,72652,13688
2021-12-30,JAWA TENGAH,12223,45384,108801,128913,119282,72044,260
2021-12-30,JAWA TIMUR,7941,29558,82569,107445,105532,65860,1143
2021-12-30,KALIMANTAN TIMUR,5149,16625,42143,50217,29915,11910,2373
2021-12-30,DAERAH ISTIMEWA YOGYAKARTA,6680,21863,33346,36309,33924,23580,1289
2021-12-30,BANTEN,3697,13218,34080,39928,29390,12158,351
2021-12-30,RIAU,4526,14678,31663,39074,26209,12324,455
2021-12-30,BALI,3426,10667,27201,29218,26643,17183,46
2021-12-30,SULAWESI SELATAN,2794,10292,30517,32568,19788,11428,2612
2021-12-30,SUMATERA UTARA,2650,11397,24443,29925,22369,14841,492
2021-12-30,SUMATERA BARAT,2563,11279,22006,23176,18160,11429,1259
2021-12-30,KALIMANTAN SELATAN,1665,6367,19050,20921,14598,6446,906
2021-12-30,NUSA TENGGARA TIMUR,2079,9500,17076,17617,10474,5892,1611
2021-12-30,SUMATERA SELATAN,1577,4786,13701,17801,12832,8794,494
2021-12-30,KEPULAUAN RIAU,1594,5776,15855,16846,9590,4312,236
2021-12-30,KEPULAUAN BANGKA BELITUNG,1878,8157,12003,15430,9191,5652,48
2021-12-30,LAMPUNG,787,3674,9754,13633,12642,8301,960
2021-12-30,SULAWESI TENGAH,1267,4754,12441,13991,9190,5198,410
2021-12-30,KALIMANTAN TENGAH,1383,4948,11935,13834,9305,3934,320
2021-12-30,KALIMANTAN BARAT,1022,4839,10570,11826,8295,4972,146
2021-12-30,ACEH,545,2655,8732,12229,8542,5705,21
2021-12-30,KALIMANTAN UTARA,960,4357,10095,11260,6226,2687,355
2021-12-30,SULAWESI UTARA,816,2959,8200,10007,7475,5178,162
2021-12-30,PAPUA,1087,3405,9639,11071,6461,2175,536
2021-12-30,JAMBI,896,3644,7093,8836,6169,3089,63
2021-12-30,NUSA TENGGARA BARAT,733,1818,7574,8806,5455,3363,57
2021-12-30,PAPUA BARAT,831,2568,7135,7738,3782,1518,85
2021-12-30,BENGKULU,494,2169,5510,7172,4920,2782,59
2021-12-30,SULAWESI TENGGARA,375,1463,6096,6574,3672,1838,154
2021-12-30,MALUKU,233,1222,4150,4748,2601,987,655
2021-12-30,SULAWESI BARAT,255,1649,3424,3855,1978,1153,54
2021-12-30,MALUKU UTARA,203,853,3608,4278,1992,915,256
2021-12-30,GORONTALO,216,871,3718,3676,2270,1049,49
2021-12-29,DKI JAKARTA,28004,83379,229969,252506,169532,87744,14023
2021-12-29,JAWA BARAT,21840,78845,170826,197870,153095,72652,13688
2021-12-29,JAWA TENGAH,12222,45383,108796,128906,119280,72043,260
2021-12-29,JAWA TIMUR,7939,29557,82564,107443,105528,65855,1143
2021-12-29,KALIMANTAN TIMUR,5149,16625,42143,50216,29915,11910,2373
2021-12-29,DAERAH ISTIMEWA YOGYAKARTA,6680,21862,33346,36309,33922,23579,1289
2021-12-29,BANTEN,3697,13218,34077,39928,29388,12157,351
2021-12-29,RIAU,4526,14678,31663,39074,26209,12324,455
2021-12-29,BALI,3425,10666,27201,29218,26643,17182,46
2021-12-29,SULAWESI SELATAN,2793,10291,30517,32566,19788,11428,2612
2021-12-29,SUMATERA UTARA,2650,11397,24442,29924,22368,14841,492
2021-12-29,SUMATERA BARAT,2563,11279,22006,23175,18160,11428,1259
2021-12-29,KALIMANTAN SELATAN,1665,6367,19050,20921,14598,6446,906
2021-12-29,NUSA TENGGARA TIMUR,2079,9498,17075,17617,10473,5892,1611
2021-12-29,SUMATERA SELATAN,1577,4785,13701,17801,12832,8794,494
2021-12-29,KEPULAUAN RIAU,1594,5776,15851,16845,9589,4312,236
2021-12-29,KEPULAUAN BANGKA BELITUNG,1878,8156,12003,15430,9191,5652,48
2021-12-29,LAMPUNG,787,3674,9754,13633,12642,8301,960
2021-12-29,SULAWESI TENGAH,1267,4754,12440,13991,9190,5197,410
2021-12-29,KALIMANTAN TENGAH,1383,4948,11933,13834,9305,3934,320
2021-12-29,KALIMANTAN BARAT,1022,4838,10569,11825,8294,4971,146
2021-12-29,ACEH,545,2655,8732,12229,8542,5704,21
2021-12-29,KALIMANTAN UTARA,960,4356,10095,11260,6225,2687,355
2021-12-29,SULAWESI UTARA,815,2959,8198,10007,7475,5178,162
2021-12-29,PAPUA,1086,3405,9639,11070,6461,2175,536
2021-12-29,JAMBI,896,3644,7093,8836,6169,3089,63
2021-12-29,NUSA TENGGARA BARAT,732,1818,7574,8806,5455,3363,57
2021-12-29,PAPUA BARAT,830,2567,7124,7727,3779,1516,85
2021-12-29,BENGKULU,494,2169,5510,7172,4920,2782,59
2021-12-29,SULAWESI TENGGARA,375,1463,6096,6574,3672,1838,154
2021-12-29,MALUKU,233,1222,4150,4747,2601,987,655
2021-12-29,SULAWESI BARAT,255,1649,3424,3855,1978,1153,54
2021-12-29,MALUKU UTARA,203,853,3608,4278,1992,915,256
2021-12-29,GORONTALO,216,871,3718,3676,2270,1049,49
2021-12-28,DKI JAKARTA,28004,83377,229964,252497,169524,87741,14023
2021-12-28,JAWA BARAT,21840,78834,170818,197861,153089,72650,13688
2021-12-28,JAWA TENGAH,12222,45383,108794,128904,119276,72043,260
2021-12-28,JAWA TIMUR,7938,29555,82560,107440,105527,65850,1143
2021-12-28,KALIMANTAN TIMUR,5148,16625,42142,50215,29915,11909,2373
2021-12-28,DAERAH ISTIMEWA YOGYAKARTA,6680,21862,33346,36309,33921,23579,1289
2021-12-28,BANTEN,3696,13218,34076,39928,29385,12157,351
2021-12-28,RIAU,4526,14677,31661,39073,26209,12322,455
2021-12-28,BALI,3425,10666,27201,29218,26643,17180,46
2021-12-28,SULAWESI SELATAN,2793,10291,30517,32566,19787,11428,2612
2021-12-28,SUMATERA UTARA,2650,11397,24441,29923,22368,14841,492
2021-12-28,SUMATERA BARAT,2563,11279,22006,23175,18160,11428,1259
2021-12-28,KALIMANTAN SELATAN,1665,6367,19050,20921,14598,6446,906
2021-12-28,NUSA TENGGARA TIMUR,2079,9498,17074,17617,10473,5892,1610
2021-12-28,SUMATERA SELATAN,1577,4785,13701,17801,12832,8794,494
2021-12-28,KEPULAUAN RIAU,1593,5776,15847,16833,9581,4312,236
2021-12-28,KEPULAUAN BANGKA BELITUNG,1878,8156,12003,15430,9190,5652,48
2021-12-28,LAMPUNG,787,3674,9754,13633,12642,8301,960
2021-12-28,SULAWESI TENGAH,1267,4754,12438,13991,9190,5197,410
2021-12-28,KALIMANTAN TENGAH,1383,4948,11933,13834,9305,3934,320
2021-12-28,KALIMANTAN BARAT,1022,4838,10569,11825,8293,4971,146
2021-12-28,ACEH,545,2655,8732,12229,8542,5704,21
2021-12-28,KALIMANTAN UTARA,960,4354,10095,11260,6225,2687,355
2021-12-28,SULAWESI UTARA,814,2959,8198,10006,7475,5178,162
2021-12-28,PAPUA,1086,3405,9639,11070,6461,2175,536
2021-12-28,JAMBI,896,3644,7092,8836,6169,3087,63
2021-12-28,NUSA TENGGARA BARAT,732,1818,7574,8806,5454,3363,57
2021-12-28,PAPUA BARAT,826,2554,7115,7713,3776,1515,85
2021-12-28,BENGKULU,494,2169,5510,7172,4920,2782,59
2021-12-28,SULAWESI TENGGARA,375,1463,6096,6574,3671,1838,154
2021-12-28,MALUKU,233,1222,4150,4746,2601,987,655
2021-12-28,SULAWESI BARAT,255,1649,3424,3855,1978,1153,54
2021-12-28,MALUKU UTARA,203,853,3608,4278,1992,915,256
2021-12-28,GORONTALO,216,871,3718,3676,2270,1049,49
2021-12-27,DKI JAKARTA,28004,83375,229935,252469,169489,87739,14023
2021-12-27,JAWA BARAT,21840,78831,170816,197855,153086,72649,13688
2021-12-27,JAWA TENGAH,12221,45380,108791,128904,119273,72038,260
2021-12-27,JAWA TIMUR,7937,29548,82556,107434,105527,65845,1143
2021-12-27,KALIMANTAN TIMUR,5148,16624,42141,50215,29914,11909,2373
2021-12-27,DAERAH ISTIMEWA YOGYAKARTA,6680,21862,33345,36309,33919,23579,1289
2021-12-27,BANTEN,3695,13218,34074,39926,29383,12157,351
2021-12-27,RIAU,4525,14677,31661,39073,26209,12322,455
2021-12-27,BALI,3425,10664,27201,29216,26643,17179,46
2021-12-27,SULAWESI SELATAN,2791,10290,30516,32563,19785,11427,2612
2021-12-27,SUMATERA UTARA,2650,11397,24441,29921,22367,14841,492
2021-12-27,SUMATERA BARAT,2563,11279,22006,23175,18160,11428,1259
2021-12-27,KALIMANTAN SELATAN,1665,6365,19050,20921,14598,6446,906
2021-12-27,NUSA TENGGARA TIMUR,2079,9497,17070,17617,10473,5891,1610
2021-12-27,SUMATERA SELATAN,1577,4785,13701,17800,12830,8794,494
2021-12-27,KEPULAUAN RIAU,1585,5776,15838,16806,9575,4312,236
2021-12-27,KEPULAUAN BANGKA BELITUNG,1878,8156,12003,15429,9189,5652,48
2021-12-27,LAMPUNG,787,3674,9754,13633,12642,8301,960
2021-12-27,SULAWESI TENGAH,1267,4754,12437,13990,9190,5197,410
2021-12-27,KALIMANTAN TENGAH,1383,4948,11933,13834,9303,3933,320
2021-12-27,KALIMANTAN BARAT,1022,4838,10569,11824,8292,4971,146
2021-12-27,ACEH,545,2655,8732,12229,8542,5704,21
2021-12-27,KALIMANTAN UTARA,960,4354,10095,11260,6225,2687,355
2021-12-27,SULAWESI UTARA,814,2959,8198,10006,7474,5178,162
2021-12-27,PAPUA,1086,3404,9639,11070,6461,2175,536
2021-12-27,JAMBI,896,3644,7091,8836,6169,3087,63
2021-12-27,NUSA TENGGARA BARAT,732,1818,7573,8805,5453,3363,57
2021-12-27,PAPUA BARAT,825,2554,7109,7706,3776,1514,85
2021-12-27,BENGKULU,494,2169,5510,7172,4920,2782,59
2021-12-27,SULAWESI TENGGARA,374,1463,6095,6573,3671,1837,154
2021-12-27,MALUKU,233,1222,4150,4746,2601,987,655
2021-12-27,SULAWESI BARAT,255,1649,3424,3855,1978,1153,54
2021-12-27,MALUKU UTARA,203,853,3608,4278,1992,915,256
2021-12-27,GORONTALO,216,871,3718,3676,2270,1049,49
2021-12-26,DKI JAKARTA,28002,83372,229920,252460,169478,87737,14023
2021-12-26,JAWA BARAT,21840,78828,170815,197856,153082,72650,13688
2021-12-26,JAWA TENGAH,12221,45378,108791,128901,119271,72037,260
2021-12-26,JAWA TIMUR,7937,29547,82554,107432,105525,65843,1143
2021-12-26,KALIMANTAN TIMUR,5148,16624,42141,50214,29913,11908,2373
2021-12-26,DAERAH ISTIMEWA YOGYAKARTA,6679,21862,33345,36309,33918,23578,1289
2021-12-26,BANTEN,3695,13218,34073,39926,29382,12156,351
2021-12-26,RIAU,4525,14677,31660,39071,26207,12322,455
2021-12-26,BALI,3425,10664,27200,29216,26640,17178,46
2021-12-26,SULAWESI SELATAN,2791,10290,30516,32563,19785,11427,2612
2021-12-26,SUMATERA UTARA,2650,11396,24441,29920,22367,14841,492
2021-12-26,SUMATERA BARAT,2563,11279,22006,23175,18160,11428,1259
2021-12-26,KALIMANTAN SELATAN,1665,6365,19050,20920,14597,6446,906
2021-12-26,NUSA TENGGARA TIMUR,2079,9496,17069,17615,10474,5891,1610
2021-12-26,SUMATERA SELATAN,1577,4785,13701,17800,12830,8794,494
2021-12-26,KEPULAUAN RIAU,1585,5776,15835,16802,9574,4312,236
2021-12-26,KEPULAUAN BANGKA BELITUNG,1878,8156,12003,15429,9188,5652,48
2021-12-26,LAMPUNG,787,3674,9754,13633,12642,8301,960
2021-12-26,SULAWESI TENGAH,1267,4753,12437,13989,9189,5196,410
2021-12-26,KALIMANTAN TENGAH,1383,4948,11934,13832,9303,3932,320
2021-12-26,KALIMANTAN BARAT,1022,4837,10569,11824,8292,4971,146
2021-12-26,ACEH,544,2655,8732,12229,8542,5704,21
2021-12-26,KALIMANTAN UTARA,960,4353,10095,11260,6225,2687,355
2021-12-26,SULAWESI UTARA,814,2959,8198,10006,7474,5178,162
2021-12-26,PAPUA,1086,3404,9639,11070,6461,2175,536
2021-12-26,JAMBI,896,3644,7091,8836,6169,3087,63
2021-12-26,NUSA TENGGARA BARAT,732,1818,7573,8805,5453,3362,57
2021-12-26,PAPUA BARAT,825,2554,7108,7701,3773,1514,85
2021-12-26,BENGKULU,494,2169,5510,7172,4920,2782,59
2021-12-26,SULAWESI TENGGARA,374,1463,6095,6573,3671,1837,154
2021-12-26,MALUKU,233,1222,4150,4746,2601,987,655
2021-12-26,SULAWESI BARAT,255,1649,3424,3855,1978,1153,54
2021-12-26,MALUKU UTARA,203,853,3608,4278,1992,915,256
2021-12-26,GORONTALO,216,871,3718,3676,2270,1049,49
2021-12-24,DKI JAKARTA,27998,83366,229855,252423,169462,87738,14023
2021-12-24,JAWA BARAT,21836,78824,170811,197855,153074,72643,13688
2021-12-24,JAWA TENGAH,12220,45375,108784,128898,119268,72032,260
2021-12-24,JAWA TIMUR,7935,29543,82550,107425,105525,65842,1143
2021-12-24,KALIMANTAN TIMUR,5148,16624,42139,50213,29913,11907,2373
2021-12-24,DAERAH ISTIMEWA YOGYAKARTA,6676,21861,33345,36305,33917,23576,1289
2021-12-24,BANTEN,3695,13217,34072,39924,29381,12156,351
2021-12-24,RIAU,4525,14677,31660,39070,26207,12322,455
2021-12-24,BALI,3424,10664,27200,29214,26638,17173,46
2021-12-24,SULAWESI SELATAN,2790,10290,30515,32562,19785,11427,2612
2021-12-24,SUMATERA UTARA,2650,11396,24441,29919,22367,14841,492
2021-12-24,SUMATERA BARAT,2563,11279,22005,23175,18160,11428,1259
2021-12-24,KALIMANTAN SELATAN,1665,6365,19050,20918,14597,6446,906
2021-12-24,NUSA TENGGARA TIMUR,2079,9496,17069,17615,10473,5889,1610
2021-12-24,SUMATERA SELATAN,1576,4784,13701,17800,12830,8794,494
2021-12-24,KEPULAUAN RIAU,1583,5774,15808,16773,9566,4311,237
2021-12-24,KEPULAUAN BANGKA BELITUNG,1878,8155,12003,15428,9188,5651,48
2021-12-24,LAMPUNG,786,3672,9753,13632,12642,8301,960
2021-12-24,SULAWESI TENGAH,1267,4753,12437,13989,9189,5195,410
2021-12-24,KALIMANTAN TENGAH,1383,4947,11934,13832,9303,3932,320
2021-12-24,KALIMANTAN BARAT,1022,4836,10568,11821,8291,4971,146
2021-12-24,ACEH,544,2655,8732,12229,8542,5704,21
2021-12-24,KALIMANTAN UTARA,960,4352,10095,11260,6224,2687,355
2021-12-24,SULAWESI UTARA,814,2959,8197,10005,7475,5178,162
2021-12-24,PAPUA,1086,3404,9638,11070,6461,2175,536
2021-12-24,JAMBI,896,3644,7091,8836,6169,3087,63
2021-12-24,NUSA TENGGARA BARAT,732,1818,7573,8805,5453,3362,57
2021-12-24,PAPUA BARAT,825,2554,7103,7690,3767,1513,85
2021-12-24,BENGKULU,494,2169,5510,7172,4920,2782,59
2021-12-24,SULAWESI TENGGARA,374,1463,6095,6573,3671,1837,154
2021-12-24,MALUKU,233,1222,4150,4746,2601,987,655
2021-12-24,SULAWESI BARAT,255,1649,3424,3854,1978,1151,54
2021-12-24,MALUKU UTARA,203,853,3608,4278,1992,915,256
2021-12-24,GORONTALO,216,871,3718,3676,2270,1049,49
2021-12-24,DKI JAKARTA,27998,83366,229855,252422,169463,87738,14023
2021-12-24,BANTEN,3695,13217,34072,39924,29380,12157,351
2021-12-22,DKI JAKARTA,27997,83363,229818,252391,169454,87734,14023
2021-12-22,JAWA BARAT,21834,78820,170798,197843,153063,72637,13688
2021-12-22,JAWA TENGAH,12219,45370,108777,128887,119262,72027,260
2021-12-22,JAWA TIMUR,7933,29539,82547,107413,105516,65830,1143
2021-12-22,KALIMANTAN TIMUR,5147,16624,42139,50212,29913,11906,2373
2021-12-22,DAERAH ISTIMEWA YOGYAKARTA,6676,21858,33344,36305,33916,23576,1289
2021-12-22,BANTEN,3695,13216,34072,39921,29377,12157,351
2021-12-22,RIAU,4524,14676,31659,39069,26207,12321,455
2021-12-22,BALI,3423,10664,27200,29214,26636,17172,46
2021-12-22,SULAWESI SELATAN,2790,10289,30514,32560,19784,11426,2612
2021-12-22,SUMATERA UTARA,2650,11396,24441,29918,22366,14841,492
2021-12-22,SUMATERA BARAT,2563,11279,22005,23175,18160,11428,1259
2021-12-22,KALIMANTAN SELATAN,1665,6365,19050,20918,14596,6446,906
2021-12-22,NUSA TENGGARA TIMUR,2079,9493,17066,17612,10470,5889,1610
2021-12-22,SUMATERA SELATAN,1575,4783,13701,17800,12830,8793,494
2021-12-22,KEPULAUAN RIAU,1582,5774,15793,16756,9559,4311,237
2021-12-22,KEPULAUAN BANGKA BELITUNG,1878,8154,12002,15428,9188,5650,48
2021-12-22,LAMPUNG,786,3672,9753,13631,12641,8301,960
2021-12-22,SULAWESI TENGAH,1267,4753,12437,13988,9188,5195,410
2021-12-22,KALIMANTAN TENGAH,1383,4947,11934,13832,9303,3932,320
2021-12-22,KALIMANTAN BARAT,1022,4836,10567,11820,8290,4970,146
2021-12-22,ACEH,544,2655,8731,12229,8542,5704,21
2021-12-22,KALIMANTAN UTARA,960,4348,10095,11260,6224,2687,355
2021-12-22,SULAWESI UTARA,813,2959,8197,10006,7475,5177,162
2021-12-22,PAPUA,1086,3403,9635,11069,6461,2175,536
2021-12-22,JAMBI,896,3643,7091,8835,6169,3085,63
2021-12-22,NUSA TENGGARA BARAT,732,1818,7571,8803,5453,3361,57
2021-12-22,PAPUA BARAT,824,2554,7100,7686,3767,1513,85
2021-12-22,BENGKULU,494,2169,5510,7172,4920,2782,59
2021-12-22,SULAWESI TENGGARA,374,1463,6095,6573,3671,1837,154
2021-12-22,MALUKU,233,1222,4150,4746,2601,987,655
2021-12-22,SULAWESI BARAT,255,1649,3424,3853,1978,1151,54
2021-12-22,MALUKU UTARA,203,853,3608,4278,1992,915,256
2021-12-22,GORONTALO,216,870,3718,3676,2269,1049,49
2021-12-22,DKI JAKARTA,27997,83363,229818,252390,169454,87735,14023
2021-12-22,BALI,3423,10664,27199,29214,26636,17173,46
2021-12-22,SUMATERA UTARA,2650,11396,24441,29917,22367,14841,492
2021-12-21,DKI JAKARTA,27997,83361,229800,252378,169446,87732,14023
2021-12-21,JAWA BARAT,21834,78819,170796,197838,153058,72631,13688
2021-12-21,JAWA TENGAH,12219,45368,108772,128883,119260,72023,260
2021-12-21,JAWA TIMUR,7933,29538,82546,107410,105514,65828,1143
2021-12-21,KALIMANTAN TIMUR,5147,16623,42139,50212,29913,11906,2373
2021-12-21,DAERAH ISTIMEWA YOGYAKARTA,6675,21858,33343,36305,33916,23575,1289
2021-12-21,BANTEN,3694,13214,34071,39919,29375,12156,351
2021-12-21,RIAU,4524,14671,31659,39065,26207,12321,455
2021-12-21,BALI,3423,10663,27198,29214,26634,17171,46
2021-12-21,SULAWESI SELATAN,2789,10289,30514,32558,19783,11425,2612
2021-12-21,SUMATERA UTARA,2650,11395,24441,29917,22367,14842,492
2021-12-21,SUMATERA BARAT,2563,11279,22005,23175,18160,11428,1259
2021-12-21,KALIMANTAN SELATAN,1665,6365,19049,20918,14596,6446,906
2021-12-21,NUSA TENGGARA TIMUR,2079,9493,17065,17609,10469,5889,1610
2021-12-21,SUMATERA SELATAN,1575,4783,13701,17800,12830,8793,494
2021-12-21,KEPULAUAN RIAU,1581,5774,15787,16743,9552,4309,237
2021-12-21,KEPULAUAN BANGKA BELITUNG,1876,8154,12002,15428,9188,5649,48
2021-12-21,LAMPUNG,786,3672,9753,13630,12641,8301,960
2021-12-21,SULAWESI TENGAH,1267,4752,12436,13986,9188,5194,410
2021-12-21,KALIMANTAN TENGAH,1383,4947,11934,13831,9303,3932,320
2021-12-21,KALIMANTAN BARAT,1022,4836,10566,11818,8290,4970,146
2021-12-21,ACEH,544,2655,8731,12229,8542,5704,21
2021-12-21,KALIMANTAN UTARA,960,4346,10095,11258,6223,2687,355
2021-12-21,SULAWESI UTARA,813,2959,8197,10006,7475,5177,162
2021-12-21,PAPUA,1086,3403,9635,11069,6461,2175,536
2021-12-21,JAMBI,896,3643,7091,8835,6169,3085,63
2021-12-21,NUSA TENGGARA BARAT,732,1818,7571,8802,5453,3361,57
2021-12-21,PAPUA BARAT,824,2554,7099,7684,3766,1513,85
2021-12-21,BENGKULU,494,2169,5510,7172,4920,2782,59
2021-12-21,SULAWESI TENGGARA,374,1463,6095,6573,3671,1837,154
2021-12-21,MALUKU,233,1222,4150,4746,2601,987,655
2021-12-21,SULAWESI BARAT,255,1649,3424,3853,1978,1151,54
2021-12-21,MALUKU UTARA,203,853,3608,4278,1992,915,256
2021-12-21,GORONTALO,216,870,3718,3676,2269,1049,49
2021-12-19,DKI JAKARTA,27996,83353,229776,252338,169431,87727,14023
2021-12-19,JAWA BARAT,21826,78808,170790,197822,153049,72624,13688
2021-12-19,JAWA TENGAH,12215,45360,108769,128881,119254,72014,260
2021-12-19,JAWA TIMUR,7933,29535,82538,107405,105509,65822,1143
2021-12-19,KALIMANTAN TIMUR,5146,16622,42136,50211,29911,11905,2373
2021-12-19,DAERAH ISTIMEWA YOGYAKARTA,6675,21857,33340,36305,33915,23574,1289
2021-12-19,BANTEN,3694,13212,34069,39913,29375,12155,351
2021-12-19,RIAU,4523,14668,31658,39063,26207,12321,455
2021-12-19,BALI,3423,10661,27195,29212,26633,17170,46
2021-12-19,SULAWESI SELATAN,2789,10288,30513,32558,19782,11424,2612
2021-12-19,SUMATERA UTARA,2650,11393,24439,29917,22365,14841,492
2021-12-19,SUMATERA BARAT,2563,11279,22005,23174,18160,11428,1259
2021-12-19,KALIMANTAN SELATAN,1665,6365,19049,20917,14594,6446,906
2021-12-19,NUSA TENGGARA TIMUR,2078,9490,17064,17605,10466,5886,1610
2021-12-19,SUMATERA SELATAN,1575,4783,13701,17798,12829,8793,494
2021-12-19,KEPULAUAN RIAU,1581,5774,15786,16742,9552,4308,237
2021-12-19,KEPULAUAN BANGKA BELITUNG,1876,8154,12002,15425,9188,5649,48
2021-12-19,LAMPUNG,786,3672,9753,13629,12640,8301,961
2021-12-19,SULAWESI TENGAH,1267,4752,12436,13985,9188,5193,410
2021-12-19,KALIMANTAN TENGAH,1383,4946,11934,13831,9302,3932,320
2021-12-19,KALIMANTAN BARAT,1022,4836,10560,11813,8290,4970,146
2021-12-19,ACEH,544,2655,8730,12229,8542,5704,21
2021-12-19,KALIMANTAN UTARA,959,4338,10095,11258,6223,2687,355
2021-12-19,SULAWESI UTARA,812,2958,8195,10005,7472,5176,162
2021-12-19,PAPUA,1086,3403,9633,11069,6461,2175,536
2021-12-19,JAMBI,896,3643,7091,8835,6169,3085,63
2021-12-19,NUSA TENGGARA BARAT,732,1818,7571,8802,5454,3360,57
2021-12-19,PAPUA BARAT,824,2554,7096,7678,3765,1513,85
2021-12-19,BENGKULU,494,2169,5510,7172,4920,2782,59
2021-12-19,SULAWESI TENGGARA,374,1463,6095,6573,3671,1837,154
2021-12-19,MALUKU,232,1222,4150,4746,2600,987,655
2021-12-19,SULAWESI BARAT,255,1648,3423,3852,1978,1151,54
2021-12-19,MALUKU UTARA,203,853,3608,4278,1992,915,256
2021-12-19,GORONTALO,215,870,3718,3675,2269,1049,49
2021-12-18,DKI JAKARTA,27995,83349,229756,252320,169414,87708,14023
2021-12-18,JAWA BARAT,21822,78785,170776,197805,153039,72617,13688
2021-12-18,JAWA TENGAH,12214,45360,108766,128878,119253,72010,260
2021-12-18,JAWA TIMUR,7932,29533,82528,107396,105495,65813,1143
2021-12-18,KALIMANTAN TIMUR,5146,16620,42134,50209,29909,11905,2373
2021-12-18,DAERAH ISTIMEWA YOGYAKARTA,6675,21855,33339,36302,33914,23572,1289
2021-12-18,BANTEN,3693,13210,34066,39912,29374,12153,351
2021-12-18,RIAU,4523,14667,31657,39060,26205,12321,455
2021-12-18,BALI,3423,10661,27192,29212,26630,17169,46
2021-12-18,SULAWESI SELATAN,2789,10286,30512,32558,19780,11422,2612
2021-12-18,SUMATERA UTARA,2650,11392,24438,29916,22365,14839,492
2021-12-18,SUMATERA BARAT,2563,11278,22005,23174,18160,11428,1259
2021-12-18,KALIMANTAN SELATAN,1665,6365,19049,20916,14593,6446,906
2021-12-18,NUSA TENGGARA TIMUR,2078,9490,17058,17604,10466,5882,1610
2021-12-18,SUMATERA SELATAN,1575,4783,13701,17798,12829,8793,494
2021-12-18,KEPULAUAN RIAU,1580,5774,15782,16730,9545,4307,237
2021-12-18,KEPULAUAN BANGKA BELITUNG,1875,8154,12001,15423,9187,5647,48
2021-12-18,LAMPUNG,786,3671,9752,13629,12640,8300,961
2021-12-18,SULAWESI TENGAH,1267,4752,12435,13985,9187,5192,410
2021-12-18,KALIMANTAN TENGAH,1383,4946,11934,13829,9302,3932,320
2021-12-18,KALIMANTAN BARAT,1021,4835,10560,11811,8289,4969,146
2021-12-18,ACEH,544,2655,8730,12229,8542,5704,21
2021-12-18,KALIMANTAN UTARA,958,4336,10092,11256,6220,2687,355
2021-12-18,SULAWESI UTARA,812,2955,8195,10002,7470,5175,162
2021-12-18,PAPUA,1086,3403,9633,11069,6461,2175,536
2021-12-18,JAMBI,896,3643,7090,8834,6168,3085,63
2021-12-18,NUSA TENGGARA BARAT,732,1817,7571,8802,5453,3360,57
2021-12-18,PAPUA BARAT,824,2553,7090,7668,3761,1513,85
2021-12-18,BENGKULU,494,2169,5510,7172,4920,2782,59
2021-12-18,SULAWESI TENGGARA,374,1463,6095,6573,3670,1837,154
2021-12-18,MALUKU,232,1222,4150,4746,2600,987,655
2021-12-18,SULAWESI BARAT,255,1648,3423,3852,1978,1151,54
2021-12-18,MALUKU UTARA,203,853,3608,4278,1992,915,256
2021-12-18,GORONTALO,215,870,3718,3674,2269,1049,49
2021-12-16,DKI JAKARTA,27992,83332,229697,252287,169407,87716,14023
2021-12-16,JAWA BARAT,21814,78757,170761,197772,153027,72596,13688
2021-12-16,JAWA TENGAH,12211,45354,108757,128863,119237,72000,260
2021-12-16,JAWA TIMUR,7930,29524,82513,107383,105478,65795,1143
2021-12-16,KALIMANTAN TIMUR,5146,16616,42128,50204,29908,11905,2373
2021-12-16,DAERAH ISTIMEWA YOGYAKARTA,6673,21850,33337,36300,33912,23570,1289
2021-12-16,BANTEN,3694,13209,34064,39911,29371,12151,351
2021-12-16,RIAU,4523,14662,31651,39054,26202,12318,455
2021-12-16,BALI,3421,10659,27186,29206,26627,17166,46
2021-12-16,SULAWESI SELATAN,2788,10284,30511,32554,19781,11422,2612
2021-12-16,SUMATERA UTARA,2650,11392,24438,29915,22361,14839,492
2021-12-16,SUMATERA BARAT,2563,11279,22002,23174,18160,11428,1259
2021-12-16,KALIMANTAN SELATAN,1665,6365,19049,20916,14593,6445,906
2021-12-16,NUSA TENGGARA TIMUR,2075,9487,17053,17600,10464,5879,1610
2021-12-16,SUMATERA SELATAN,1573,4781,13701,17798,12829,8790,494
2021-12-16,KEPULAUAN RIAU,1578,5773,15761,16704,9535,4306,238
2021-12-16,KEPULAUAN BANGKA BELITUNG,1875,8153,12000,15422,9184,5647,48
2021-12-16,LAMPUNG,786,3671,9752,13627,12638,8299,961
2021-12-16,SULAWESI TENGAH,1265,4752,12429,13972,9183,5190,410
2021-12-16,KALIMANTAN TENGAH,1383,4946,11933,13830,9300,3930,320
2021-12-16,KALIMANTAN BARAT,1022,4834,10555,11804,8288,4968,146
2021-12-16,ACEH,544,2655,8731,12228,8541,5704,21
2021-12-16,KALIMANTAN UTARA,958,4333,10092,11256,6220,2687,355
2021-12-16,SULAWESI UTARA,811,2953,8193,10001,7467,5175,162
2021-12-16,PAPUA,1084,3402,9632,11068,6461,2175,536
2021-12-16,JAMBI,896,3643,7089,8832,6169,3085,63
2021-12-16,NUSA TENGGARA BARAT,732,1818,7570,8802,5453,3359,57
2021-12-16,PAPUA BARAT,824,2552,7075,7657,3758,1513,85
2021-12-16,BENGKULU,494,2169,5510,7172,4920,2781,59
2021-12-16,SULAWESI TENGGARA,374,1463,6095,6573,3670,1837,154
2021-12-16,MALUKU,231,1222,4149,4745,2600,987,655
2021-12-16,SULAWESI BARAT,255,1648,3423,3852,1977,1150,54
2021-12-16,MALUKU UTARA,203,853,3608,4278,1992,915,256
2021-12-16,GORONTALO,214,869,3718,3674,2268,1049,49
2021-12-13,DKI JAKARTA,27989,83325,229681,252268,169394,87711,14023
2021-12-13,JAWA BARAT,21812,78741,170741,197758,153018,72581,13688
2021-12-13,JAWA TENGAH,12208,45350,108742,128855,119229,71986,260
2021-12-13,JAWA TIMUR,7929,29517,82510,107374,105473,65785,1143
2021-12-13,KALIMANTAN TIMUR,5146,16615,42127,50202,29905,11905,2373
2021-12-13,DAERAH ISTIMEWA YOGYAKARTA,6673,21848,33336,36297,33911,23568,1289
2021-12-13,BANTEN,3694,13209,34063,39908,29371,12150,351
2021-12-13,RIAU,4523,14661,31649,39054,26202,12317,455
2021-12-13,BALI,3421,10659,27185,29205,26626,17166,46
2021-12-13,SULAWESI SELATAN,2788,10284,30508,32553,19780,11422,2612
2021-12-13,SUMATERA UTARA,2650,11392,24435,29914,22360,14839,492
2021-12-13,SUMATERA BARAT,2563,11279,22002,23173,18159,11428,1259
2021-12-13,KALIMANTAN SELATAN,1665,6365,19047,20915,14593,6445,906
2021-12-13,NUSA TENGGARA TIMUR,2075,9486,17050,17598,10463,5875,1610
2021-12-13,SUMATERA SELATAN,1573,4781,13699,17796,12827,8789,494
2021-12-13,KEPULAUAN RIAU,1578,5773,15757,16700,9535,4306,238
2021-12-13,KEPULAUAN BANGKA BELITUNG,1875,8153,12000,15421,9184,5645,48
2021-12-13,LAMPUNG,786,3671,9752,13627,12637,8299,961
2021-12-13,SULAWESI TENGAH,1265,4752,12428,13970,9175,5189,410
2021-12-13,KALIMANTAN TENGAH,1383,4945,11933,13830,9300,3930,320
2021-12-13,KALIMANTAN BARAT,1021,4834,10553,11800,8288,4967,146
2021-12-13,ACEH,544,2655,8730,12228,8541,5704,21
2021-12-13,KALIMANTAN UTARA,958,4326,10092,11256,6220,2687,355
2021-12-13,SULAWESI UTARA,811,2952,8191,10001,7467,5175,162
2021-12-13,PAPUA,1084,3402,9632,11067,6461,2175,536
2021-12-13,JAMBI,896,3642,7089,8831,6167,3085,63
2021-12-13,NUSA TENGGARA BARAT,731,1817,7569,8801,5453,3359,57
2021-12-13,PAPUA BARAT,824,2550,7070,7650,3755,1513,85
2021-12-13,BENGKULU,494,2169,5510,7172,4920,2781,59
2021-12-13,SULAWESI TENGGARA,374,1463,6095,6573,3670,1837,154
2021-12-13,MALUKU,231,1222,4149,4745,2600,987,655
2021-12-13,SULAWESI BARAT,255,1648,3423,3852,1977,1150,54
2021-12-13,MALUKU UTARA,203,853,3608,4278,1992,915,256
2021-12-13,GORONTALO,214,868,3718,3674,2267,1049,49
2021-12-13,DKI JAKARTA,27989,83325,229681,252268,169393,87711,14023
2021-12-13,JAWA BARAT,21812,78740,170741,197758,153016,72580,13688
2021-12-13,JAWA TIMUR,7929,29517,82508,107373,105473,65785,1143
2021-12-13,DAERAH ISTIMEWA YOGYAKARTA,6672,21848,33336,36297,33910,23568,1289
2021-12-13,BANTEN,3694,13209,34062,39908,29371,12150,351
2021-12-13,SUMATERA UTARA,2650,11392,24435,29914,22359,14839,492
2021-12-13,KALIMANTAN TENGAH,1383,4945,11932,13830,9300,3930,320
2021-12-13,JAMBI,896,3642,7089,8831,6166,3085,63
2021-12-13,PAPUA BARAT,824,2550,7070,7650,3754,1513,85
2021-12-13,DKI JAKARTA,27989,83324,229680,252269,169393,87711,14024
2021-12-13,DKI JAKARTA,27989,83324,229680,252269,169392,87711,14025
2021-12-13,JAWA BARAT,21812,78740,170742,197757,153016,72580,13688
2021-12-12,DKI JAKARTA,27989,83324,229680,252268,169392,87712,14025
2021-12-12,JAWA BARAT,21812,78740,170742,197757,153016,72581,13688
2021-12-12,JAWA TENGAH,12208,45350,108742,128855,119229,71986,260
2021-12-12,JAWA TIMUR,7930,29515,82508,107374,105473,65785,1143
2021-12-12,KALIMANTAN TIMUR,5146,16615,42127,50202,29905,11905,2373
2021-12-12,DAERAH ISTIMEWA YOGYAKARTA,6672,21848,33336,36297,33910,23568,1289
2021-12-12,BANTEN,3694,13209,34062,39908,29371,12150,351
2021-12-12,RIAU,4523,14661,31649,39054,26202,12317,455
2021-12-12,BALI,3421,10659,27185,29205,26626,17166,46
2021-12-12,SULAWESI SELATAN,2788,10284,30508,32553,19780,11422,2612
2021-12-12,SUMATERA UTARA,2650,11392,24436,29914,22358,14839,492
2021-12-12,SUMATERA BARAT,2563,11279,22002,23173,18159,11428,1259
2021-12-12,KALIMANTAN SELATAN,1665,6365,19047,20915,14593,6445,906
2021-12-12,NUSA TENGGARA TIMUR,2075,9486,17050,17598,10463,5875,1610
2021-12-12,SUMATERA SELATAN,1573,4781,13699,17796,12827,8789,494
2021-12-12,KEPULAUAN RIAU,1578,5773,15757,16700,9535,4306,238
2021-12-12,KEPULAUAN BANGKA BELITUNG,1875,8153,12000,15421,9184,5645,48
2021-12-12,LAMPUNG,786,3671,9752,13627,12637,8299,961
2021-12-12,SULAWESI TENGAH,1265,4752,12428,13970,9175,5189,410
2021-12-12,KALIMANTAN TENGAH,1383,4945,11932,13830,9300,3930,320
2021-12-12,KALIMANTAN BARAT,1021,4834,10553,11800,8288,4967,146
2021-12-12,ACEH,544,2655,8730,12228,8541,5704,21
2021-12-12,KALIMANTAN UTARA,958,4326,10092,11256,6220,2687,355
2021-12-12,SULAWESI UTARA,811,2952,8191,10001,7467,5174,162
2021-12-12,PAPUA,1084,3402,9632,11067,6461,2175,536
2021-12-12,JAMBI,896,3642,7089,8831,6166,3085,63
2021-12-12,NUSA TENGGARA BARAT,731,1817,7569,8801,5453,3359,57
2021-12-12,PAPUA BARAT,824,2550,7070,7650,3754,1513,85
2021-12-12,BENGKULU,494,2169,5510,7172,4920,2781,59
2021-12-12,SULAWESI TENGGARA,374,1463,6095,6573,3670,1837,154
2021-12-12,MALUKU,231,1222,4149,4745,2600,987,655
2021-12-12,SULAWESI BARAT,255,1648,3423,3852,1977,1150,54
2021-12-12,MALUKU UTARA,203,853,3608,4278,1992,915,256
2021-12-12,GORONTALO,214,868,3718,3674,2267,1049,49
2021-12-10,DKI JAKARTA,27988,83310,229666,252243,169383,87711,14025
2021-12-10,JAWA BARAT,21809,78737,170727,197739,153005,72569,13688
2021-12-10,JAWA TENGAH,12207,45345,108739,128851,119219,71981,260
2021-12-10,JAWA TIMUR,7928,29511,82504,107364,105460,65776,1143
2021-12-10,KALIMANTAN TIMUR,5146,16615,42127,50202,29903,11905,2373
2021-12-10,DAERAH ISTIMEWA YOGYAKARTA,6671,21832,33331,36296,33908,23565,1289
2021-12-10,BANTEN,3692,13207,34060,39906,29368,12147,351
2021-12-10,RIAU,4523,14661,31647,39052,26201,12315,455
2021-12-10,BALI,3421,10659,27185,29203,26625,17164,46
2021-12-10,SULAWESI SELATAN,2787,10283,30506,32551,19777,11420,2612
2021-12-10,SUMATERA UTARA,2650,11392,24434,29913,22357,14838,492
2021-12-10,SUMATERA BARAT,2563,11278,22001,23173,18159,11427,1259
2021-12-10,KALIMANTAN SELATAN,1665,6365,19047,20915,14593,6445,906
2021-12-10,NUSA TENGGARA TIMUR,2074,9480,17042,17595,10457,5872,1610
2021-12-10,SUMATERA SELATAN,1573,4781,13698,17795,12827,8789,494
2021-12-10,KEPULAUAN RIAU,1578,5773,15757,16700,9535,4306,238
2021-12-10,KEPULAUAN BANGKA BELITUNG,1875,8151,12000,15417,9184,5644,48
2021-12-10,LAMPUNG,786,3668,9751,13626,12636,8297,961
2021-12-10,SULAWESI TENGAH,1265,4751,12426,13970,9174,5185,410
2021-12-10,KALIMANTAN TENGAH,1383,4944,11931,13829,9300,3930,320
2021-12-10,KALIMANTAN BARAT,1020,4832,10544,11791,8285,4965,146
2021-12-10,ACEH,544,2655,8730,12228,8541,5704,21
2021-12-10,KALIMANTAN UTARA,958,4325,10092,11255,6218,2687,355
2021-12-10,SULAWESI UTARA,810,2946,8189,9998,7467,5174,162
2021-12-10,PAPUA,1084,3402,9632,11065,6460,2175,536
2021-12-10,JAMBI,896,3642,7089,8831,6166,3085,63
2021-12-10,NUSA TENGGARA BARAT,731,1817,7569,8801,5453,3359,57
2021-12-10,PAPUA BARAT,824,2550,7066,7644,3752,1513,85
2021-12-10,BENGKULU,494,2169,5510,7172,4920,2781,59
2021-12-10,SULAWESI TENGGARA,374,1462,6094,6572,3669,1837,154
2021-12-10,MALUKU,231,1222,4149,4745,2600,987,655
2021-12-10,SULAWESI BARAT,255,1648,3423,3852,1976,1150,54
2021-12-10,MALUKU UTARA,203,853,3608,4278,1992,915,256
2021-12-10,GORONTALO,214,868,3716,3674,2267,1049,49
2021-12-10,BANTEN,3692,13207,34060,39906,29369,12146,351
2021-12-09,DKI JAKARTA,27988,83305,229657,252237,169381,87707,14025
2021-12-09,JAWA BARAT,21806,78726,170724,197727,153000,72559,13688
2021-12-09,JAWA TENGAH,12207,45344,108736,128845,119215,71976,260
2021-12-09,JAWA TIMUR,7926,29509,82499,107359,105457,65773,1143
2021-12-09,KALIMANTAN TIMUR,5146,16614,42127,50202,29903,11905,2373
2021-12-09,DAERAH ISTIMEWA YOGYAKARTA,6671,21822,33326,36296,33907,23565,1289
2021-12-09,BANTEN,3692,13206,34058,39906,29368,12146,351
2021-12-09,RIAU,4523,14660,31647,39050,26200,12315,455
2021-12-09,BALI,3421,10659,27185,29202,26624,17163,46
2021-12-09,SULAWESI SELATAN,2787,10283,30506,32551,19777,11420,2612
2021-12-09,SUMATERA UTARA,2650,11392,24434,29912,22357,14838,492
2021-12-09,SUMATERA BARAT,2563,11278,22000,23173,18159,11426,1259
2021-12-09,KALIMANTAN SELATAN,1665,6365,19045,20915,14592,6444,906
2021-12-09,NUSA TENGGARA TIMUR,2074,9480,17041,17592,10457,5871,1610
2021-12-09,SUMATERA SELATAN,1573,4780,13698,17794,12827,8787,494
2021-12-09,KEPULAUAN RIAU,1578,5773,15757,16700,9535,4306,238
2021-12-09,KEPULAUAN BANGKA BELITUNG,1875,8151,12000,15417,9184,5643,48
2021-12-09,LAMPUNG,786,3668,9751,13626,12636,8297,961
2021-12-09,SULAWESI TENGAH,1265,4751,12423,13967,9173,5185,410
2021-12-09,KALIMANTAN TENGAH,1383,4944,11931,13827,9299,3928,320
2021-12-09,KALIMANTAN BARAT,1020,4832,10537,11788,8283,4964,146
2021-12-09,ACEH,544,2655,8730,12228,8541,5704,21
2021-12-09,KALIMANTAN UTARA,958,4325,10092,11254,6218,2687,355
2021-12-09,SULAWESI UTARA,810,2945,8188,9997,7467,5173,162
2021-12-09,PAPUA,1084,3402,9632,11065,6460,2175,536
2021-12-09,JAMBI,896,3642,7089,8831,6166,3085,63
2021-12-09,NUSA TENGGARA BARAT,731,1816,7569,8801,5453,3359,57
2021-12-09,PAPUA BARAT,824,2550,7064,7643,3752,1513,85
2021-12-09,BENGKULU,494,2169,5510,7172,4920,2781,59
2021-12-09,SULAWESI TENGGARA,374,1462,6094,6572,3669,1837,154
2021-12-09,MALUKU,231,1222,4149,4745,2600,987,655
2021-12-09,SULAWESI BARAT,255,1648,3423,3852,1976,1149,54
2021-12-09,MALUKU UTARA,203,853,3607,4277,1991,915,256
2021-12-09,GORONTALO,214,868,3716,3674,2267,1049,49
2021-12-08,DKI JAKARTA,27987,83305,229636,252226,169378,87707,14025
2021-12-08,JAWA BARAT,21804,78720,170714,197718,152988,72553,13688
2021-12-08,JAWA TENGAH,12205,45344,108732,128841,119210,71975,260
2021-12-08,JAWA TIMUR,7926,29502,82491,107350,105453,65771,1143
2021-12-08,KALIMANTAN TIMUR,5144,16612,42127,50199,29902,11905,2373
2021-12-08,DAERAH ISTIMEWA YOGYAKARTA,6671,21818,33325,36292,33907,23564,1289
2021-12-08,BANTEN,3692,13206,34056,39904,29367,12146,351
2021-12-08,RIAU,4523,14660,31647,39050,26200,12315,455
2021-12-08,BALI,3421,10657,27184,29196,26622,17161,46
2021-12-08,SULAWESI SELATAN,2787,10283,30506,32551,19775,11419,2612
2021-12-08,SUMATERA UTARA,2650,11391,24434,29910,22357,14838,492
2021-12-08,SUMATERA BARAT,2563,11278,22000,23173,18159,11426,1259
2021-12-08,KALIMANTAN SELATAN,1665,6365,19043,20915,14592,6444,906
2021-12-08,NUSA TENGGARA TIMUR,2074,9478,17038,17591,10456,5870,1610
2021-12-08,SUMATERA SELATAN,1573,4780,13698,17793,12827,8787,494
2021-12-08,KEPULAUAN RIAU,1578,5773,15757,16700,9535,4306,238
2021-12-08,KEPULAUAN BANGKA BELITUNG,1875,8151,11999,15416,9184,5640,48
2021-12-08,LAMPUNG,786,3668,9751,13626,12636,8296,961
2021-12-08,SULAWESI TENGAH,1263,4751,12419,13964,9172,5184,410
2021-12-08,KALIMANTAN TENGAH,1382,4944,11931,13827,9299,3928,320
2021-12-08,KALIMANTAN BARAT,1020,4832,10536,11787,8283,4964,146
2021-12-08,ACEH,544,2655,8730,12228,8541,5704,21
2021-12-08,KALIMANTAN UTARA,958,4325,10091,11254,6218,2687,355
2021-12-08,SULAWESI UTARA,810,2945,8187,9996,7466,5173,162
2021-12-08,PAPUA,1084,3401,9631,11064,6460,2174,536
2021-12-08,JAMBI,896,3642,7089,8831,6166,3085,63
2021-12-08,NUSA TENGGARA BARAT,728,1816,7569,8801,5453,3359,57
2021-12-08,PAPUA BARAT,824,2550,7060,7640,3751,1513,85
2021-12-08,BENGKULU,494,2169,5510,7172,4920,2781,59
2021-12-08,SULAWESI TENGGARA,374,1462,6094,6572,3669,1837,154
2021-12-08,MALUKU,231,1222,4149,4745,2600,987,655
2021-12-08,SULAWESI BARAT,255,1648,3423,3852,1976,1149,54
2021-12-08,MALUKU UTARA,203,853,3606,4277,1991,915,256
2021-12-08,GORONTALO,214,868,3716,3674,2267,1049,49
2021-12-07,DKI JAKARTA,27986,83299,229627,252211,169370,87705,14025
2021-12-07,JAWA BARAT,21800,78712,170692,197708,152977,72547,13688
2021-12-07,JAWA TENGAH,12205,45341,108723,128833,119199,71969,260
2021-12-07,JAWA TIMUR,7925,29496,82488,107345,105450,65762,1143
2021-12-07,KALIMANTAN TIMUR,5144,16611,42124,50199,29901,11905,2373
2021-12-07,DAERAH ISTIMEWA YOGYAKARTA,6670,21816,33321,36289,33907,23563,1288
2021-12-07,BANTEN,3692,13205,34056,39903,29368,12145,351
2021-12-07,RIAU,4523,14658,31646,39050,26200,12315,455
2021-12-07,BALI,3419,10656,27178,29194,26619,17162,46
2021-12-07,SULAWESI SELATAN,2786,10283,30506,32551,19775,11417,2612
2021-12-07,SUMATERA UTARA,2648,11390,24434,29908,22357,14838,492
2021-12-07,SUMATERA BARAT,2563,11278,22000,23171,18159,11426,1259
2021-12-07,KALIMANTAN SELATAN,1665,6365,19044,20914,14592,6444,906
2021-12-07,NUSA TENGGARA TIMUR,2073,9476,17034,17582,10454,5870,1610
2021-12-07,SUMATERA SELATAN,1573,4780,13698,17792,12826,8786,494
2021-12-07,KEPULAUAN RIAU,1578,5773,15757,16700,9535,4306,238
2021-12-07,KEPULAUAN BANGKA BELITUNG,1875,8151,11998,15416,9182,5640,48
2021-12-07,LAMPUNG,786,3668,9750,13626,12636,8296,961
2021-12-07,SULAWESI TENGAH,1263,4751,12418,13964,9171,5184,410
2021-12-07,KALIMANTAN TENGAH,1382,4944,11931,13827,9299,3928,320
2021-12-07,KALIMANTAN BARAT,1019,4831,10535,11785,8283,4963,146
2021-12-07,ACEH,543,2654,8730,12228,8541,5703,21
2021-12-07,KALIMANTAN UTARA,958,4325,10091,11254,6218,2687,355
2021-12-07,SULAWESI UTARA,810,2944,8186,9992,7466,5173,162
2021-12-07,PAPUA,1084,3400,9631,11064,6460,2174,536
2021-12-07,JAMBI,896,3642,7089,8830,6166,3085,63
2021-12-07,NUSA TENGGARA BARAT,728,1815,7569,8801,5452,3359,57
2021-12-07,PAPUA BARAT,824,2550,7058,7640,3751,1513,85
2021-12-07,BENGKULU,494,2169,5510,7172,4920,2781,59
2021-12-07,SULAWESI TENGGARA,374,1462,6094,6572,3669,1837,154
2021-12-07,MALUKU,231,1222,4149,4745,2600,987,655
2021-12-07,SULAWESI BARAT,254,1648,3423,3852,1976,1148,54
2021-12-07,MALUKU UTARA,203,853,3606,4277,1991,915,256
2021-12-07,GORONTALO,214,868,3715,3674,2266,1049,49
2021-12-04,DKI JAKARTA,27984,83283,229597,252187,169359,87700,14025
2021-12-04,JAWA BARAT,21796,78697,170680,197683,152949,72520,13688
2021-12-04,JAWA TENGAH,12204,45336,108708,128826,119193,71967,260
2021-12-04,JAWA TIMUR,7925,29475,82470,107332,105438,65743,1143
2021-12-04,KALIMANTAN TIMUR,5144,16611,42123,50194,29899,11904,2373
2021-12-04,DAERAH ISTIMEWA YOGYAKARTA,6670,21784,33315,36288,33902,23561,1288
2021-12-04,BANTEN,3690,13202,34055,39897,29365,12144,351
2021-12-04,RIAU,4523,14654,31642,39047,26198,12315,455
2021-12-04,BALI,3419,10654,27173,29188,26615,17159,46
2021-12-04,SULAWESI SELATAN,2786,10283,30504,32551,19774,11416,2612
2021-12-04,SUMATERA UTARA,2647,11389,24432,29904,22355,14832,492
2021-12-04,SUMATERA BARAT,2563,11278,21998,23171,18159,11426,1259
2021-12-04,KALIMANTAN SELATAN,1664,6365,19043,20914,14591,6444,906
2021-12-04,NUSA TENGGARA TIMUR,2071,9474,17024,17572,10445,5867,1610
2021-12-04,SUMATERA SELATAN,1572,4778,13697,17790,12826,8785,494
2021-12-04,KEPULAUAN RIAU,1578,5773,15755,16700,9534,4306,238
2021-12-04,KEPULAUAN BANGKA BELITUNG,1874,8149,11995,15413,9181,5639,48
2021-12-04,LAMPUNG,786,3668,9749,13626,12636,8295,961
2021-12-04,SULAWESI TENGAH,1262,4751,12417,13964,9171,5183,410
2021-12-04,KALIMANTAN TENGAH,1382,4942,11929,13826,9298,3927,320
2021-12-04,KALIMANTAN BARAT,1018,4831,10533,11776,8280,4963,146
2021-12-04,ACEH,543,2653,8730,12229,8541,5702,21
2021-12-04,KALIMANTAN UTARA,958,4325,10091,11253,6218,2687,355
2021-12-04,SULAWESI UTARA,810,2942,8185,9987,7463,5171,162
2021-12-04,PAPUA,1084,3399,9629,11062,6460,2173,536
2021-12-04,JAMBI,896,3642,7089,8830,6165,3085,63
2021-12-04,NUSA TENGGARA BARAT,728,1815,7569,8801,5450,3359,57
2021-12-04,PAPUA BARAT,823,2548,7052,7628,3747,1512,85
2021-12-04,BENGKULU,494,2169,5510,7172,4920,2780,59
2021-12-04,SULAWESI TENGGARA,374,1462,6094,6572,3668,1836,154
2021-12-04,MALUKU,231,1222,4149,4745,2600,987,655
2021-12-04,SULAWESI BARAT,254,1648,3423,3851,1976,1148,54
2021-12-04,MALUKU UTARA,203,853,3606,4277,1991,915,256
2021-12-04,GORONTALO,214,868,3715,3674,2265,1049,49
2021-12-04,DKI JAKARTA,27984,83283,229596,252187,169358,87702,14025
2021-12-04,JAWA TIMUR,7924,29475,82470,107332,105439,65743,1143
2021-12-04,JAWA BARAT,21797,78697,170680,197679,152948,72523,13688
2021-12-04,JAWA TENGAH,12204,45336,108709,128825,119193,71967,260
2021-12-04,JAWA TIMUR,7924,29475,82469,107332,105440,65743,1143
2021-12-04,SUMATERA UTARA,2647,11389,24431,29905,22355,14832,492
2021-12-04,NUSA TENGGARA TIMUR,2071,9474,17023,17572,10446,5867,1610
2021-12-04,LAMPUNG,786,3665,9746,13622,12630,8289,961
2021-12-04,SULAWESI TENGAH,1262,4751,12417,13965,9170,5183,410
2021-12-04,ACEH,543,2654,8729,12231,8541,5700,21
2021-12-04,SULAWESI UTARA,810,2942,8185,9987,7463,5170,162
2021-12-04,JAMBI,896,3642,7089,8830,6164,3085,63
2021-12-02,DKI JAKARTA,27981,83268,229573,252163,169339,87696,14025
2021-12-02,JAWA BARAT,21794,78681,170663,197658,152936,72514,13688
2021-12-02,JAWA TENGAH,12203,45327,108697,128808,119178,71962,260
2021-12-02,JAWA TIMUR,7924,29464,82457,107321,105434,65735,1143
2021-12-02,KALIMANTAN TIMUR,5144,16610,42121,50194,29899,11904,2373
2021-12-02,DAERAH ISTIMEWA YOGYAKARTA,6669,21765,33307,36286,33897,23557,1288
2021-12-02,BANTEN,3689,13202,34052,39894,29362,12143,351
2021-12-02,RIAU,4523,14652,31639,39045,26198,12313,455
2021-12-02,BALI,3418,10650,27168,29180,26613,17158,46
2021-12-02,SULAWESI SELATAN,2785,10283,30499,32551,19774,11415,2612
2021-12-02,SUMATERA UTARA,2646,11389,24429,29905,22353,14831,492
2021-12-02,SUMATERA BARAT,2563,11276,21997,23171,18158,11425,1259
2021-12-02,KALIMANTAN SELATAN,1664,6365,19043,20914,14591,6444,906
2021-12-02,NUSA TENGGARA TIMUR,2070,9465,17010,17571,10443,5866,1610
2021-12-02,SUMATERA SELATAN,1572,4777,13696,17789,12824,8785,494
2021-12-02,KEPULAUAN RIAU,1578,5773,15755,16700,9534,4306,238
2021-12-02,KEPULAUAN BANGKA BELITUNG,1874,8149,11994,15411,9179,5635,48
2021-12-02,LAMPUNG,786,3665,9744,13620,12628,8287,961
2021-12-02,SULAWESI TENGAH,1261,4749,12416,13965,9169,5183,410
2021-12-02,KALIMANTAN TENGAH,1382,4942,11928,13826,9298,3926,320
2021-12-02,KALIMANTAN BARAT,1016,4831,10530,11773,8278,4962,146
2021-12-02,ACEH,542,2654,8730,12233,8540,5696,21
2021-12-02,KALIMANTAN UTARA,958,4325,10089,11253,6218,2687,355
2021-12-02,SULAWESI UTARA,810,2942,8183,9985,7463,5170,162
2021-12-02,PAPUA,1084,3399,9629,11060,6460,2173,536
2021-12-02,JAMBI,896,3641,7089,8830,6164,3085,63
2021-12-02,NUSA TENGGARA BARAT,728,1815,7568,8800,5450,3359,57
2021-12-02,PAPUA BARAT,823,2548,7045,7620,3745,1512,85
2021-12-02,BENGKULU,494,2169,5510,7172,4920,2780,59
2021-12-02,SULAWESI TENGGARA,374,1462,6094,6572,3668,1836,154
2021-12-02,MALUKU,231,1222,4149,4745,2598,987,655
2021-12-02,SULAWESI BARAT,254,1648,3423,3850,1976,1148,54
2021-12-02,MALUKU UTARA,203,853,3606,4277,1991,915,256
2021-12-02,GORONTALO,214,868,3715,3674,2265,1049,49
2021-12-01,DKI JAKARTA,27981,83265,229564,252153,169334,87695,14025
2021-12-01,JAWA BARAT,21791,78648,170642,197647,152926,72509,13688
2021-12-01,JAWA TENGAH,12202,45326,108689,128802,119172,71954,260
2021-12-01,JAWA TIMUR,7924,29458,82446,107315,105429,65728,1143
2021-12-01,KALIMANTAN TIMUR,5144,16609,42121,50189,29898,11904,2373
2021-12-01,DAERAH ISTIMEWA YOGYAKARTA,6668,21762,33305,36286,33897,23556,1288
2021-12-01,BANTEN,3689,13198,34051,39891,29355,12142,351
2021-12-01,RIAU,4523,14650,31639,39044,26197,12313,455
2021-12-01,BALI,3418,10644,27168,29177,26608,17157,46
2021-12-01,SULAWESI SELATAN,2785,10283,30498,32551,19774,11415,2612
2021-12-01,SUMATERA UTARA,2646,11388,24428,29904,22352,14831,492
2021-12-01,SUMATERA BARAT,2562,11275,21995,23171,18158,11425,1259
2021-12-01,KALIMANTAN SELATAN,1664,6364,19043,20913,14591,6444,906
2021-12-01,NUSA TENGGARA TIMUR,2070,9465,17007,17568,10443,5863,1610
2021-12-01,SUMATERA SELATAN,1572,4777,13694,17788,12824,8784,494
2021-12-01,KEPULAUAN RIAU,1578,5773,15754,16700,9534,4307,238
2021-12-01,KEPULAUAN BANGKA BELITUNG,1873,8148,11992,15409,9177,5635,48
2021-12-01,LAMPUNG,786,3665,9744,13620,12627,8286,961
2021-12-01,SULAWESI TENGAH,1261,4749,12412,13961,9166,5183,410
2021-12-01,KALIMANTAN TENGAH,1382,4941,11927,13825,9297,3926,320
2021-12-01,KALIMANTAN BARAT,1015,4830,10528,11772,8278,4962,146
2021-12-01,ACEH,542,2653,8730,12233,8540,5695,21
2021-12-01,KALIMANTAN UTARA,958,4325,10089,11253,6218,2687,355
2021-12-01,SULAWESI UTARA,810,2942,8183,9985,7461,5170,162
2021-12-01,PAPUA,1084,3399,9627,11060,6460,2173,536
2021-12-01,JAMBI,896,3641,7089,8830,6164,3084,63
2021-12-01,NUSA TENGGARA BARAT,728,1815,7567,8800,5450,3359,57
2021-12-01,PAPUA BARAT,823,2548,7041,7616,3744,1512,85
2021-12-01,BENGKULU,494,2169,5510,7172,4920,2780,59
2021-12-01,SULAWESI TENGGARA,374,1462,6094,6572,3665,1836,154
2021-12-01,MALUKU,231,1222,4149,4745,2598,987,655
2021-12-01,SULAWESI BARAT,254,1648,3423,3850,1976,1148,54
2021-12-01,MALUKU UTARA,203,853,3606,4277,1991,915,256
2021-12-01,GORONTALO,214,868,3715,3674,2265,1049,49
2021-12-01,DKI JAKARTA,27981,83265,229564,252151,169334,87697,14025
2021-12-01,JAWA BARAT,21791,78649,170642,197647,152925,72509,13688
2021-12-01,PAPUA,1084,3400,9626,11060,6460,2173,536
2021-11-30,DKI JAKARTA,27980,83245,229553,252126,169325,87692,14026
2021-11-30,JAWA BARAT,21789,78633,170628,197637,152913,72505,13688
2021-11-30,JAWA TENGAH,12201,45325,108682,128798,119170,71949,260
2021-11-30,JAWA TIMUR,7924,29451,82443,107312,105420,65720,1143
2021-11-30,KALIMANTAN TIMUR,5143,16608,42119,50189,29897,11903,2373
2021-11-30,DAERAH ISTIMEWA YOGYAKARTA,6668,21757,33302,36285,33894,23556,1288
2021-11-30,BANTEN,3689,13198,34051,39891,29354,12142,351
2021-11-30,RIAU,4523,14649,31635,39042,26197,12312,455
2021-11-30,BALI,3417,10643,27167,29177,26607,17156,46
2021-11-30,SULAWESI SELATAN,2785,10283,30498,32550,19774,11415,2612
2021-11-30,SUMATERA UTARA,2646,11388,24428,29903,22349,14831,492
2021-11-30,SUMATERA BARAT,2562,11275,21994,23171,18158,11425,1259
2021-11-30,KALIMANTAN SELATAN,1662,6363,19041,20912,14589,6443,906
2021-11-30,NUSA TENGGARA TIMUR,2070,9465,17004,17564,10441,5862,1610
2021-11-30,SUMATERA SELATAN,1572,4777,13694,17788,12823,8784,494
2021-11-30,KEPULAUAN RIAU,1578,5773,15754,16700,9533,4306,238
2021-11-30,KEPULAUAN BANGKA BELITUNG,1869,8147,11990,15408,9175,5630,48
2021-11-30,LAMPUNG,786,3664,9741,13619,12626,8285,961
2021-11-30,SULAWESI TENGAH,1261,4749,12411,13960,9164,5182,410
2021-11-30,KALIMANTAN TENGAH,1382,4941,11927,13824,9297,3926,320
2021-11-30,KALIMANTAN BARAT,1015,4830,10526,11771,8278,4962,146
2021-11-30,ACEH,542,2653,8730,12233,8540,5695,21
2021-11-30,KALIMANTAN UTARA,958,4325,10089,11252,6218,2687,355
2021-11-30,SULAWESI UTARA,810,2942,8182,9985,7461,5171,162
2021-11-30,PAPUA,1084,3400,9624,11061,6459,2173,536
2021-11-30,JAMBI,896,3641,7089,8830,6164,3084,63
2021-11-30,NUSA TENGGARA BARAT,728,1815,7567,8799,5450,3359,57
2021-11-30,PAPUA BARAT,823,2548,7041,7614,3744,1512,85
2021-11-30,BENGKULU,494,2169,5510,7172,4919,2780,59
2021-11-30,SULAWESI TENGGARA,374,1462,6094,6572,3665,1836,154
2021-11-30,MALUKU,231,1222,4148,4745,2598,987,655
2021-11-30,SULAWESI BARAT,254,1648,3423,3849,1976,1148,54
2021-11-30,MALUKU UTARA,203,853,3606,4277,1991,915,256
2021-11-30,GORONTALO,214,868,3715,3674,2265,1049,49
2021-11-29,DKI JAKARTA,27979,83225,229512,252089,169299,87680,14027
2021-11-29,JAWA BARAT,21786,78609,170598,197618,152885,72487,13688
2021-11-29,JAWA TENGAH,12197,45298,108668,128784,119157,71933,260
2021-11-29,JAWA TIMUR,7922,29440,82432,107301,105398,65700,1143
2021-11-29,KALIMANTAN TIMUR,5142,16605,42114,50186,29895,11899,2373
2021-11-29,DAERAH ISTIMEWA YOGYAKARTA,6667,21740,33297,36279,33886,23550,1288
2021-11-29,BANTEN,3689,13196,34045,39887,29351,12140,351
2021-11-29,RIAU,4520,14630,31628,39039,26193,12310,455
2021-11-29,BALI,3417,10633,27156,29174,26603,17149,46
2021-11-29,SULAWESI SELATAN,2784,10282,30490,32545,19772,11414,2612
2021-11-29,SUMATERA UTARA,2645,11386,24425,29904,22347,14830,492
2021-11-29,SUMATERA BARAT,2562,11274,21994,23170,18158,11425,1259
2021-11-29,KALIMANTAN SELATAN,1661,6363,19040,20911,14588,6443,906
2021-11-29,NUSA TENGGARA TIMUR,2068,9464,17003,17562,10439,5861,1610
2021-11-29,SUMATERA SELATAN,1572,4777,13693,17787,12822,8783,494
2021-11-29,KEPULAUAN RIAU,1578,5773,15753,16699,9533,4306,238
2021-11-29,KEPULAUAN BANGKA BELITUNG,1866,8143,11983,15402,9171,5626,48
2021-11-29,LAMPUNG,785,3660,9739,13618,12626,8281,961
2021-11-29,SULAWESI TENGAH,1261,4749,12409,13958,9164,5181,410
2021-11-29,KALIMANTAN TENGAH,1382,4941,11924,13823,9296,3926,320
2021-11-29,KALIMANTAN BARAT,1015,4828,10523,11765,8276,4961,146
2021-11-29,ACEH,542,2653,8727,12233,8541,5694,21
2021-11-29,KALIMANTAN UTARA,958,4321,10089,11249,6217,2687,355
2021-11-29,SULAWESI UTARA,810,2940,8177,9984,7459,5165,162
2021-11-29,PAPUA,1084,3400,9621,11061,6458,2173,536
2021-11-29,JAMBI,896,3641,7089,8830,6164,3083,63
2021-11-29,NUSA TENGGARA BARAT,728,1815,7567,8798,5449,3359,57
2021-11-29,PAPUA BARAT,822,2548,7037,7607,3743,1512,85
2021-11-29,BENGKULU,494,2169,5510,7172,4919,2780,59
2021-11-29,SULAWESI TENGGARA,374,1462,6094,6572,3665,1836,154
2021-11-29,MALUKU,231,1222,4148,4745,2598,986,655
2021-11-29,SULAWESI BARAT,254,1648,3422,3849,1976,1148,54
2021-11-29,MALUKU UTARA,203,853,3605,4276,1991,915,256
2021-11-29,GORONTALO,214,868,3715,3674,2265,1049,49
2021-11-29,DKI JAKARTA,27979,83225,229511,252089,169300,87680,14027
2021-11-29,JAWA BARAT,21786,78609,170598,197617,152885,72488,13688
2021-11-29,JAWA TIMUR,7921,29440,82434,107297,105396,65705,1143
2021-11-29,BANTEN,3689,13196,34045,39886,29352,12140,351
2021-11-29,PAPUA,1084,3400,9621,11062,6457,2173,536
2021-11-29,SULAWESI TENGGARA,374,1462,6093,6573,3665,1836,154
2021-11-27,DKI JAKARTA,27979,83225,229511,252088,169301,87680,14027
2021-11-27,JAWA BARAT,21784,78613,170598,197616,152886,72487,13688
2021-11-27,JAWA TENGAH,12197,45298,108669,128783,119157,71933,260
2021-11-27,JAWA TIMUR,7920,29439,82427,107304,105400,65703,1143
2021-11-27,KALIMANTAN TIMUR,5142,16605,42114,50186,29895,11899,2373
2021-11-27,DAERAH ISTIMEWA YOGYAKARTA,6667,21740,33297,36279,33886,23550,1288
2021-11-27,BANTEN,3689,13197,34044,39886,29352,12140,351
2021-11-27,RIAU,4520,14629,31628,39039,26194,12310,455
2021-11-27,BALI,3417,10632,27156,29174,26603,17149,46
2021-11-27,SULAWESI SELATAN,2784,10282,30490,32545,19772,11414,2612
2021-11-27,SUMATERA UTARA,2645,11384,24427,29903,22349,14829,492
2021-11-27,SUMATERA BARAT,2561,11274,21995,23170,18158,11425,1259
2021-11-27,KALIMANTAN SELATAN,1661,6363,19041,20910,14588,6443,906
2021-11-27,NUSA TENGGARA TIMUR,2068,9464,17002,17562,10439,5862,1610
2021-11-27,SUMATERA SELATAN,1574,4779,13691,17788,12818,8784,494
2021-11-27,KEPULAUAN RIAU,1578,5773,15753,16699,9533,4305,238
2021-11-27,KEPULAUAN BANGKA BELITUNG,1866,8143,11983,15402,9171,5626,48
2021-11-27,LAMPUNG,785,3660,9739,13618,12626,8281,961
2021-11-27,SULAWESI TENGAH,1261,4749,12409,13958,9164,5181,410
2021-11-27,KALIMANTAN TENGAH,1382,4941,11924,13823,9296,3926,320
2021-11-27,KALIMANTAN BARAT,1015,4828,10523,11765,8276,4961,146
2021-11-27,ACEH,542,2653,8728,12233,8541,5693,21
2021-11-27,KALIMANTAN UTARA,958,4321,10089,11249,6217,2687,355
2021-11-27,SULAWESI UTARA,810,2940,8177,9983,7459,5165,162
2021-11-27,PAPUA,1084,3400,9621,11062,6457,2173,536
2021-11-27,JAMBI,896,3641,7089,8830,6164,3083,63
2021-11-27,NUSA TENGGARA BARAT,728,1815,7567,8798,5449,3359,57
2021-11-27,PAPUA BARAT,822,2548,7037,7607,3743,1512,85
2021-11-27,BENGKULU,494,2169,5510,7172,4919,2780,59
2021-11-27,SULAWESI TENGGARA,374,1462,6093,6573,3665,1836,154
2021-11-27,MALUKU,231,1222,4148,4745,2598,986,655
2021-11-27,SULAWESI BARAT,254,1648,3422,3849,1976,1148,54
2021-11-27,MALUKU UTARA,203,853,3605,4276,1991,915,256
2021-11-27,GORONTALO,214,868,3715,3674,2265,1049,49
2021-11-25,DKI JAKARTA,27973,83196,229478,252054,169290,87669,14027
2021-11-25,JAWA BARAT,21781,78559,170578,197589,152868,72467,13688
2021-11-25,JAWA TENGAH,12194,45283,108647,128765,119139,71918,260
2021-11-25,JAWA TIMUR,7916,29427,82415,107289,105379,65689,1143
2021-11-25,KALIMANTAN TIMUR,5141,16605,42111,50183,29895,11898,2373
2021-11-25,DAERAH ISTIMEWA YOGYAKARTA,6667,21678,33285,36266,33875,23547,1288
2021-11-25,BANTEN,3688,13192,34040,39882,29349,12139,351
2021-11-25,RIAU,4519,14536,31610,39029,26191,12308,455
2021-11-25,BALI,3417,10618,27155,29169,26599,17145,46
2021-11-25,SULAWESI SELATAN,2782,10282,30489,32545,19770,11414,2612
2021-11-25,SUMATERA UTARA,2645,11384,24425,29898,22344,14828,492
2021-11-25,SUMATERA BARAT,2561,11271,21995,23169,18156,11425,1259
2021-11-25,KALIMANTAN SELATAN,1661,6360,19040,20908,14587,6443,906
2021-11-25,NUSA TENGGARA TIMUR,2068,9460,16993,17561,10437,5862,1610
2021-11-25,SUMATERA SELATAN,1574,4779,13691,17786,12817,8784,494
2021-11-25,KEPULAUAN RIAU,1578,5773,15753,16698,9533,4304,238
2021-11-25,KEPULAUAN BANGKA BELITUNG,1865,8142,11980,15401,9167,5623,48
2021-11-25,LAMPUNG,785,3659,9738,13618,12626,8280,961
2021-11-25,SULAWESI TENGAH,1260,4747,12408,13957,9163,5179,410
2021-11-25,KALIMANTAN TENGAH,1382,4941,11924,13823,9296,3926,320
2021-11-25,KALIMANTAN BARAT,1015,4828,10516,11760,8273,4959,146
2021-11-25,ACEH,542,2653,8728,12232,8540,5693,21
2021-11-25,KALIMANTAN UTARA,958,4317,10089,11248,6216,2687,355
2021-11-25,SULAWESI UTARA,810,2940,8176,9982,7458,5164,162
2021-11-25,PAPUA,1083,3396,9618,11060,6457,2172,536
2021-11-25,JAMBI,896,3641,7089,8830,6163,3083,63
2021-11-25,NUSA TENGGARA BARAT,728,1815,7567,8797,5448,3359,57
2021-11-25,PAPUA BARAT,821,2548,7029,7601,3742,1512,85
2021-11-25,BENGKULU,494,2169,5510,7172,4919,2780,59
2021-11-25,SULAWESI TENGGARA,374,1462,6093,6573,3665,1836,154
2021-11-25,MALUKU,231,1222,4148,4745,2598,986,655
2021-11-25,SULAWESI BARAT,253,1648,3422,3849,1976,1148,54
2021-11-25,MALUKU UTARA,203,853,3605,4275,1991,914,256
2021-11-25,GORONTALO,214,868,3715,3674,2265,1049,49
2021-11-24,DKI JAKARTA,27970,83187,229471,252036,169277,87665,14027
2021-11-24,JAWA BARAT,21780,78543,170572,197582,152863,72458,13688
2021-11-24,JAWA TENGAH,12193,45276,108635,128754,119127,71916,260
2021-11-24,JAWA TIMUR,7916,29424,82408,107279,105371,65685,1143
2021-11-24,KALIMANTAN TIMUR,5141,16605,42111,50179,29895,11898,2373
2021-11-24,DAERAH ISTIMEWA YOGYAKARTA,6667,21629,33278,36256,33864,23545,1288
2021-11-24,BANTEN,3688,13191,34038,39879,29347,12138,351
2021-11-24,RIAU,4518,14529,31609,39025,26191,12307,455
2021-11-24,BALI,3417,10612,27151,29168,26598,17144,46
2021-11-24,SULAWESI SELATAN,2782,10282,30488,32541,19769,11413,2612
2021-11-24,SUMATERA UTARA,2645,11382,24422,29896,22343,14827,492
2021-11-24,SUMATERA BARAT,2561,11271,21994,23169,18155,11425,1259
2021-11-24,KALIMANTAN SELATAN,1661,6357,19039,20907,14582,6442,906
2021-11-24,NUSA TENGGARA TIMUR,2067,9460,16988,17553,10436,5859,1610
2021-11-24,SUMATERA SELATAN,1574,4779,13691,17786,12817,8784,494
2021-11-24,KEPULAUAN RIAU,1578,5773,15753,16695,9533,4304,238
2021-11-24,KEPULAUAN BANGKA BELITUNG,1865,8142,11980,15398,9167,5623,48
2021-11-24,LAMPUNG,785,3658,9738,13617,12625,8280,961
2021-11-24,SULAWESI TENGAH,1260,4747,12407,13957,9163,5179,410
2021-11-24,KALIMANTAN TENGAH,1382,4940,11924,13823,9294,3925,320
2021-11-24,KALIMANTAN BARAT,1015,4828,10515,11757,8273,4958,146
2021-11-24,ACEH,542,2653,8728,12232,8540,5692,21
2021-11-24,KALIMANTAN UTARA,958,4317,10089,11248,6215,2687,355
2021-11-24,SULAWESI UTARA,810,2940,8176,9982,7458,5164,162
2021-11-24,PAPUA,1083,3396,9618,11059,6457,2171,536
2021-11-24,JAMBI,896,3641,7089,8830,6163,3083,63
2021-11-24,NUSA TENGGARA BARAT,728,1815,7566,8796,5448,3359,57
2021-11-24,PAPUA BARAT,821,2547,7028,7600,3741,1512,85
2021-11-24,BENGKULU,494,2169,5510,7172,4919,2779,59
2021-11-24,SULAWESI TENGGARA,374,1462,6092,6573,3665,1836,154
2021-11-24,MALUKU,231,1222,4148,4745,2598,986,655
2021-11-24,SULAWESI BARAT,253,1648,3422,3849,1976,1148,54
2021-11-24,MALUKU UTARA,203,853,3605,4275,1991,914,256
2021-11-24,GORONTALO,214,868,3715,3674,2265,1049,49
2021-11-23,DKI JAKARTA,27970,83157,229454,252021,169264,87662,14023
2021-11-23,JAWA BARAT,21778,78517,170558,197557,152854,72449,13688
2021-11-23,JAWA TENGAH,12189,45274,108624,128739,119116,71906,260
2021-11-23,JAWA TIMUR,7916,29424,82398,107266,105366,65677,1143
2021-11-23,KALIMANTAN TIMUR,5139,16603,42108,50177,29893,11897,2373
2021-11-23,DAERAH ISTIMEWA YOGYAKARTA,6667,21607,33273,36254,33860,23543,1288
2021-11-23,BANTEN,3687,13189,34034,39877,29346,12138,351
2021-11-23,RIAU,4517,14524,31600,39016,26188,12305,455
2021-11-23,BALI,3417,10605,27148,29166,26595,17143,46
2021-11-23,SULAWESI SELATAN,2782,10282,30488,32540,19766,11412,2612
2021-11-23,SUMATERA UTARA,2645,11382,24418,29895,22342,14827,492
2021-11-23,SUMATERA BARAT,2561,11271,21994,23168,18154,11425,1259
2021-11-23,KALIMANTAN SELATAN,1661,6357,19038,20905,14580,6441,906
2021-11-23,NUSA TENGGARA TIMUR,2066,9455,16984,17552,10431,5858,1610
2021-11-23,SUMATERA SELATAN,1574,4778,13691,17785,12817,8782,494
2021-11-23,KEPULAUAN RIAU,1578,5773,15752,16694,9533,4304,238
2021-11-23,KEPULAUAN BANGKA BELITUNG,1865,8141,11980,15394,9165,5623,48
2021-11-23,LAMPUNG,785,3658,9738,13617,12625,8280,961
2021-11-23,SULAWESI TENGAH,1260,4747,12407,13957,9163,5178,410
2021-11-23,KALIMANTAN TENGAH,1382,4939,11924,13822,9294,3925,320
2021-11-23,KALIMANTAN BARAT,1015,4828,10507,11753,8269,4957,146
2021-11-23,ACEH,542,2653,8727,12232,8540,5692,21
2021-11-23,KALIMANTAN UTARA,958,4317,10089,11248,6214,2687,355
2021-11-23,SULAWESI UTARA,810,2940,8176,9982,7457,5163,162
2021-11-23,PAPUA,1083,3396,9615,11059,6453,2169,536
2021-11-23,JAMBI,896,3641,7088,8830,6163,3083,63
2021-11-23,NUSA TENGGARA BARAT,728,1815,7565,8796,5447,3359,57
2021-11-23,PAPUA BARAT,821,2547,7027,7596,3739,1512,85
2021-11-23,BENGKULU,494,2169,5510,7172,4919,2779,59
2021-11-23,SULAWESI TENGGARA,374,1462,6092,6573,3665,1835,154
2021-11-23,MALUKU,231,1222,4148,4745,2598,986,655
2021-11-23,SULAWESI BARAT,253,1648,3422,3849,1976,1148,54
2021-11-23,MALUKU UTARA,203,853,3605,4275,1991,914,256
2021-11-23,GORONTALO,214,868,3715,3674,2265,1049,49
2021-11-23,DKI JAKARTA,27969,83155,229430,251989,169258,87658,14023
2021-11-23,JAWA BARAT,21776,78501,170548,197543,152841,72447,13688
2021-11-23,JAWA TENGAH,12187,45270,108615,128728,119108,71900,260
2021-11-23,JAWA TIMUR,7914,29422,82393,107257,105355,65663,1143
2021-11-23,KALIMANTAN TIMUR,5139,16603,42104,50176,29891,11897,2373
2021-11-23,DAERAH ISTIMEWA YOGYAKARTA,6667,21597,33270,36253,33859,23543,1288
2021-11-23,BANTEN,3687,13189,34031,39871,29348,12137,351
2021-11-23,RIAU,4517,14521,31584,39004,26184,12305,455
2021-11-23,BALI,3417,10604,27144,29164,26592,17141,46
2021-11-23,SULAWESI SELATAN,2782,10282,30488,32536,19764,11413,2612
2021-11-23,SUMATERA UTARA,2645,11381,24412,29895,22340,14826,492
2021-11-23,SUMATERA BARAT,2561,11271,21994,23167,18154,11425,1259
2021-11-23,NUSA TENGGARA TIMUR,2064,9454,16979,17547,10426,5857,1610
2021-11-23,SUMATERA SELATAN,1573,4778,13690,17785,12816,8782,494
2021-11-23,KEPULAUAN BANGKA BELITUNG,1865,8139,11979,15393,9164,5622,48
2021-11-23,LAMPUNG,785,3658,9735,13615,12625,8280,961
2021-11-23,SULAWESI TENGAH,1260,4747,12405,13957,9163,5178,410
2021-11-23,KALIMANTAN TENGAH,1380,4939,11923,13821,9294,3925,320
2021-11-23,KALIMANTAN BARAT,1014,4827,10494,11744,8266,4956,146
2021-11-23,ACEH,542,2653,8727,12232,8539,5692,21
2021-11-23,SULAWESI UTARA,810,2940,8173,9981,7457,5160,162
2021-11-23,PAPUA,1082,3396,9614,11057,6450,2169,536
2021-11-23,NUSA TENGGARA BARAT,728,1815,7565,8796,5447,3358,57
2021-11-23,PAPUA BARAT,821,2546,7023,7596,3739,1512,85
2021-11-23,SULAWESI TENGGARA,374,1462,6092,6571,3664,1835,154
2021-11-21,DKI JAKARTA,27966,83152,229421,251980,169254,87660,14023
2021-11-21,JAWA BARAT,21775,78496,170543,197532,152838,72442,13688
2021-11-21,JAWA TENGAH,12186,45269,108612,128726,119106,71895,260
2021-11-21,JAWA TIMUR,7913,29417,82388,107249,105353,65664,1143
2021-11-21,KALIMANTAN TIMUR,5139,16602,42103,50171,29889,11897,2373
2021-11-21,DAERAH ISTIMEWA YOGYAKARTA,6667,21593,33269,36249,33856,23543,1288
2021-11-21,BANTEN,3687,13189,34029,39870,29349,12137,351
2021-11-21,RIAU,4517,14518,31580,39000,26183,12305,455
2021-11-21,BALI,3417,10604,27142,29161,26592,17141,46
2021-11-21,SULAWESI SELATAN,2782,10282,30487,32534,19763,11411,2612
2021-11-21,SUMATERA UTARA,2645,11380,24412,29895,22340,14826,492
2021-11-21,SUMATERA BARAT,2561,11271,21994,23167,18154,11425,1259
2021-11-21,KALIMANTAN SELATAN,1661,6357,19038,20904,14580,6441,906
2021-11-21,NUSA TENGGARA TIMUR,2064,9452,16975,17545,10425,5855,1610
2021-11-21,SUMATERA SELATAN,1573,4778,13690,17785,12816,8782,494
2021-11-21,KEPULAUAN RIAU,1577,5773,15752,16693,9533,4304,238
2021-11-21,KEPULAUAN BANGKA BELITUNG,1864,8137,11979,15389,9164,5622,48
2021-11-21,LAMPUNG,785,3658,9736,13615,12625,8278,961
2021-11-21,SULAWESI TENGAH,1260,4747,12403,13958,9162,5178,410
2021-11-21,KALIMANTAN TENGAH,1380,4939,11923,13820,9294,3925,320
2021-11-21,KALIMANTAN BARAT,1014,4827,10491,11743,8265,4956,146
2021-11-21,ACEH,541,2654,8725,12232,8540,5692,21
2021-11-21,KALIMANTAN UTARA,958,4317,10089,11248,6214,2687,355
2021-11-21,SULAWESI UTARA,810,2939,8173,9981,7456,5160,162
2021-11-21,PAPUA,1082,3396,9613,11057,6449,2169,536
2021-11-21,JAMBI,896,3641,7086,8830,6163,3083,63
2021-11-21,NUSA TENGGARA BARAT,727,1815,7565,8795,5444,3358,57
2021-11-21,PAPUA BARAT,821,2546,7023,7592,3739,1512,85
2021-11-21,BENGKULU,494,2169,5510,7172,4919,2779,59
2021-11-21,SULAWESI TENGGARA,374,1462,6092,6571,3664,1835,154
2021-11-21,MALUKU,231,1222,4148,4745,2598,986,655
2021-11-21,SULAWESI BARAT,253,1648,3422,3849,1976,1148,54
2021-11-21,MALUKU UTARA,203,853,3605,4275,1991,914,256
2021-11-21,GORONTALO,214,868,3715,3674,2265,1049,49
2021-11-20,DKI JAKARTA,27966,83139,229394,251940,169238,87645,14023
2021-11-20,JAWA BARAT,21774,78491,170538,197519,152831,72437,13688
2021-11-20,JAWA TENGAH,12186,45267,108607,128723,119102,71889,260
2021-11-20,JAWA TIMUR,7914,29415,82380,107252,105353,65648,1143
2021-11-20,KALIMANTAN TIMUR,5139,16602,42099,50170,29888,11896,2373
2021-11-20,DAERAH ISTIMEWA YOGYAKARTA,6667,21586,33268,36247,33855,23543,1288
2021-11-20,BANTEN,3687,13189,34025,39869,29345,12137,351
2021-11-20,RIAU,4516,14517,31578,38996,26180,12304,455
2021-11-20,BALI,3417,10604,27139,29160,26590,17141,46
2021-11-20,SULAWESI SELATAN,2782,10281,30487,32534,19763,11409,2612
2021-11-20,SUMATERA UTARA,2646,11380,24413,29893,22338,14823,492
2021-11-20,SUMATERA BARAT,2561,11271,21994,23167,18154,11425,1259
2021-11-20,KALIMANTAN SELATAN,1661,6357,19038,20904,14580,6440,907
2021-11-20,NUSA TENGGARA TIMUR,2063,9450,16965,17532,10422,5849,1610
2021-11-20,SUMATERA SELATAN,1573,4778,13690,17786,12816,8781,494
2021-11-20,KEPULAUAN RIAU,1577,5773,15752,16693,9533,4304,238
2021-11-20,KEPULAUAN BANGKA BELITUNG,1864,8137,11978,15389,9161,5622,48
2021-11-20,LAMPUNG,785,3657,9733,13608,12624,8277,962
2021-11-20,SULAWESI TENGAH,1260,4747,12404,13958,9160,5178,410
2021-11-20,KALIMANTAN TENGAH,1380,4939,11922,13820,9294,3925,320
2021-11-20,KALIMANTAN BARAT,1014,4825,10488,11738,8265,4955,146
2021-11-20,ACEH,541,2654,8724,12232,8540,5692,21
2021-11-20,KALIMANTAN UTARA,958,4317,10089,11248,6214,2687,355
2021-11-20,SULAWESI UTARA,810,2938,8172,9981,7456,5160,162
2021-11-20,PAPUA,1082,3396,9613,11056,6449,2169,536
2021-11-20,JAMBI,896,3641,7086,8830,6163,3082,63
2021-11-20,NUSA TENGGARA BARAT,727,1815,7565,8794,5444,3358,57
2021-11-20,PAPUA BARAT,821,2546,7022,7590,3737,1512,85
2021-11-20,BENGKULU,494,2169,5510,7172,4919,2779,59
2021-11-20,SULAWESI TENGGARA,374,1461,6092,6571,3663,1835,154
2021-11-20,MALUKU,231,1222,4148,4744,2598,986,655
2021-11-20,SULAWESI BARAT,253,1648,3422,3849,1976,1148,54
2021-11-20,MALUKU UTARA,203,853,3605,4275,1991,914,256
2021-11-20,GORONTALO,214,868,3715,3674,2264,1049,49
2021-11-19,DKI JAKARTA,27964,83106,229375,251906,169221,87636,14023
2021-11-19,JAWA BARAT,21772,78484,170529,197510,152824,72428,13688
2021-11-19,JAWA TENGAH,12186,45259,108593,128711,119090,71880,260
2021-11-19,JAWA TIMUR,7913,29412,82375,107244,105346,65645,1143
2021-11-19,KALIMANTAN TIMUR,5138,16600,42098,50168,29886,11896,2373
2021-11-19,DAERAH ISTIMEWA YOGYAKARTA,6667,21582,33267,36243,33855,23542,1288
2021-11-19,BANTEN,3687,13188,34023,39867,29345,12136,351
2021-11-19,RIAU,4516,14517,31574,38996,26179,12300,455
2021-11-19,BALI,3416,10604,27139,29158,26590,17141,46
2021-11-19,SULAWESI SELATAN,2782,10281,30485,32532,19762,11409,2612
2021-11-19,SUMATERA UTARA,2645,11380,24413,29893,22335,14821,492
2021-11-19,SUMATERA BARAT,2561,11271,21993,23167,18154,11425,1259
2021-11-19,KALIMANTAN SELATAN,1661,6356,19038,20904,14580,6440,907
2021-11-19,NUSA TENGGARA TIMUR,2063,9448,16961,17530,10421,5848,1610
2021-11-19,SUMATERA SELATAN,1573,4777,13689,17786,12816,8781,494
2021-11-19,KEPULAUAN RIAU,1577,5773,15752,16693,9533,4304,238
2021-11-19,KEPULAUAN BANGKA BELITUNG,1864,8135,11973,15386,9159,5622,48
2021-11-19,LAMPUNG,785,3655,9732,13606,12623,8276,962
2021-11-19,SULAWESI TENGAH,1260,4746,12404,13958,9158,5174,410
2021-11-19,KALIMANTAN TENGAH,1379,4938,11922,13819,9292,3925,320
2021-11-19,KALIMANTAN BARAT,1014,4822,10479,11723,8258,4953,146
2021-11-19,ACEH,541,2654,8721,12231,8540,5692,21
2021-11-19,KALIMANTAN UTARA,958,4317,10089,11248,6213,2687,355
2021-11-19,SULAWESI UTARA,810,2938,8169,9980,7454,5159,162
2021-11-19,PAPUA,1081,3395,9612,11055,6449,2169,536
2021-11-19,JAMBI,896,3641,7086,8830,6162,3082,63
2021-11-19,NUSA TENGGARA BARAT,727,1815,7564,8794,5444,3358,57
2021-11-19,PAPUA BARAT,821,2546,7021,7587,3736,1512,85
2021-11-19,BENGKULU,494,2169,5510,7172,4919,2779,59
2021-11-19,SULAWESI TENGGARA,374,1461,6092,6571,3663,1835,154
2021-11-19,MALUKU,231,1222,4148,4744,2598,986,655
2021-11-19,SULAWESI BARAT,253,1647,3422,3849,1976,1148,54
2021-11-19,MALUKU UTARA,203,853,3605,4275,1991,913,256
2021-11-19,GORONTALO,214,868,3715,3674,2264,1049,49
