key_as_string,key,doc_count,jumlah_vaksinasi_2,jumlah_vaksinasi_1,jumlah_jumlah_vaksinasi_1_kum,jumlah_jumlah_vaksinasi_2_kum
2021-02-01,1612137600000,1,0,0,0,0
2021-02-02,1612224000000,0,0,0,0,0
2021-02-03,1612310400000,0,0,0,0,0
2021-02-04,1612396800000,0,0,0,0,0
2021-02-05,1612483200000,0,0,0,0,0
2021-02-06,1612569600000,0,0,0,0,0
2021-02-07,1612656000000,0,0,0,0,0
2021-02-08,1612742400000,0,0,0,0,0
2021-02-09,1612828800000,0,0,0,0,0
2021-02-10,1612915200000,0,0,0,0,0
2021-02-11,1613001600000,0,0,0,0,0
2021-02-12,1613088000000,0,0,0,0,0
2021-02-13,1613174400000,0,0,0,0,0
2021-02-14,1613260800000,0,0,0,0,0
2021-02-15,1613347200000,0,0,0,0,0
2021-02-16,1613433600000,0,0,0,0,0
2021-02-17,1613520000000,0,0,0,0,0
2021-02-18,1613606400000,0,0,0,0,0
2021-02-19,1613692800000,0,0,0,0,0
2021-02-20,1613779200000,0,0,0,0,0
2021-02-21,1613865600000,0,0,0,0,0
2021-02-22,1613952000000,0,0,0,0,0
2021-02-23,1614038400000,0,0,0,0,0
2021-02-24,1614124800000,0,0,0,0,0
2021-02-25,1614211200000,0,0,0,0,0
2021-02-26,1614297600000,0,0,0,0,0
2021-02-27,1614384000000,0,0,0,0,0
2021-02-28,1614470400000,0,0,0,0,0
2021-03-01,1614556800000,0,0,0,0,0
2021-03-02,1614643200000,0,0,0,0,0
2021-03-03,1614729600000,0,0,0,0,0
2021-03-04,1614816000000,0,0,0,0,0
2021-03-05,1614902400000,0,0,0,0,0
2021-03-06,1614988800000,0,0,0,0,0
2021-03-07,1615075200000,0,0,0,0,0
2021-03-08,1615161600000,0,0,0,0,0
2021-03-09,1615248000000,0,0,0,0,0
2021-03-10,1615334400000,0,0,0,0,0
2021-03-11,1615420800000,0,0,0,0,0
2021-03-12,1615507200000,0,0,0,0,0
2021-03-13,1615593600000,0,0,0,0,0
2021-03-14,1615680000000,0,0,0,0,0
2021-03-15,1615766400000,1,1572786,4166862,4166862,1572786
2021-03-16,1615852800000,1,143963,302089,4468951,1716749
2021-03-17,1615939200000,1,159391,236297,4705248,1876140
2021-03-18,1616025600000,1,72391,133504,4838752,1948531
2021-03-19,1616112000000,1,119869,120311,4959063,2068400
2021-03-20,1616198400000,1,152800,165885,5124948,2221200
2021-03-21,1616284800000,1,80778,408431,5533379,2301978
2021-03-22,1616371200000,1,10623,33901,5567280,2312601
2021-03-23,1616457600000,1,181821,164930,5732210,2494422
2021-03-24,1616544000000,1,215123,246041,5978251,2709545
2021-03-25,1616630400000,1,231471,411586,6389837,2941016
2021-03-26,1616716800000,1,207595,579364,6969201,3148611
2021-03-27,1616803200000,1,85199,209813,7179014,3233810
2021-03-28,1616889600000,1,12645,64188,7243202,3246455
2021-03-29,1616976000000,1,67039,151219,7394421,3313494
2021-03-30,1617062400000,1,186770,335161,7729582,3500264
2021-03-31,1617148800000,1,209333,366135,8095717,3709597
2021-04-01,1617235200000,1,141194,253758,8349475,3850791
2021-04-02,1617321600000,1,16775,69114,8418589,3867566
2021-04-03,1617408000000,1,84303,114833,8533422,3951869
2021-04-04,1617494400000,1,62532,95760,8629182,4014401
2021-04-05,1617580800000,1,193925,208899,8838081,4208326
2021-04-06,1617667200000,1,170025,137285,8975366,4378351
2021-04-07,1617753600000,1,169229,212391,9187757,4547580
2021-04-08,1617840000000,1,117611,122052,9309809,4665191
2021-04-09,1617926400000,1,278040,474469,9784278,4943231
2021-04-10,1618012800000,1,107293,171155,9955433,5050524
2021-04-11,1618099200000,1,49466,90142,10045575,5099990
2021-04-12,1618185600000,1,210749,216216,10261791,5310739
2021-04-13,1618272000000,1,121258,112172,10373963,5431997
2021-04-14,1618358400000,1,136860,103543,10477506,5568857
2021-04-15,1618444800000,1,144547,118867,10596373,5713404
2021-04-16,1618531200000,1,106542,109811,10706184,5819946
2021-04-17,1618617600000,1,69770,95060,10801244,5889716
2021-04-18,1618704000000,1,21205,27175,10828419,5910921
2021-04-19,1618790400000,1,139811,138515,10966934,6050732
2021-04-20,1618876800000,1,81155,134357,11101291,6131887
2021-04-21,1618963200000,1,190116,167922,11269213,6322003
2021-04-22,1619049600000,1,166194,163498,11432711,6488197
2021-04-23,1619136000000,1,188951,155168,11587879,6677148
2021-04-24,1619222400000,1,107446,111706,11699585,6784594
2021-04-25,1619308800000,1,37710,34338,11733923,6822304
2021-04-26,1619395200000,1,176000,110656,11844579,6998304
2021-04-27,1619481600000,1,180464,136455,11981034,7178768
2021-04-28,1619568000000,1,195690,131854,12112888,7374458
2021-04-29,1619654400000,1,191913,167877,12280765,7566371
2021-04-30,1619740800000,1,63488,105121,12385886,7629859
2021-05-01,1619827200000,1,37724,57377,12443263,7667583
2021-05-02,1619913600000,1,10902,13901,12457164,7678485
2021-05-03,1620000000000,1,148711,88208,12545372,7827196
2021-05-04,1620086400000,1,153859,127492,12672864,7981055
2021-05-05,1620172800000,1,170887,160022,12832886,8151942
2021-05-06,1620259200000,1,166002,162824,12995710,8317944
2021-05-07,1620345600000,1,138315,140976,13136686,8456259
2021-05-08,1620432000000,1,127595,147736,13284422,8583854
2021-05-09,1620518400000,1,50692,56535,13340957,8634546
2021-05-10,1620604800000,1,120710,134130,13475087,8755256
2021-05-11,1620691200000,1,115168,140226,13615313,8870424
2021-05-12,1620777600000,1,37841,63010,13678323,8908265
2021-05-13,1620864000000,1,11292,17230,13695553,8919557
2021-05-14,1620950400000,1,1874,3840,13699393,8921431
2021-05-15,1621036800000,1,32869,22234,13721627,8954300
2021-05-16,1621123200000,1,16415,15969,13737596,8970715
2021-05-17,1621209600000,1,96267,65459,13803055,9066982
2021-05-18,1621296000000,1,180618,148920,13951975,9247600
2021-05-19,1621382400000,1,119035,147779,14099754,9366635
2021-05-20,1621468800000,1,169467,269479,14369233,9536102
2021-05-21,1621555200000,1,175144,237098,14606331,9711246
2021-05-22,1621641600000,1,114253,209335,14815666,9825499
2021-05-23,1621728000000,1,46165,75267,14890933,9871664
2021-05-24,1621814400000,1,25318,28656,14919589,9896982
2021-05-25,1621900800000,1,228498,410717,15330306,10125480
2021-05-26,1621987200000,1,99353,205692,15535998,10224833
2021-05-27,1622073600000,1,135163,167585,15703583,10359996
2021-05-28,1622160000000,1,126403,297364,16000947,10486399
2021-05-29,1622246400000,1,68397,202882,16203829,10554796
2021-05-30,1622332800000,1,29693,100871,16304700,10584489
2021-05-31,1622419200000,1,47346,108972,16413672,10631835
2021-06-01,1622505600000,1,82465,180909,16594581,10714300
2021-06-02,1622592000000,1,138684,171682,16766263,10852984
2021-06-03,1622678400000,1,131916,276587,17042850,10984900
2021-06-04,1622764800000,1,70654,248654,17291504,11055554
2021-06-05,1622851200000,1,65915,289960,17581464,11121469
2021-06-06,1622937600000,1,5288,62139,17643603,11126757
2021-06-07,1623024000000,1,70312,132315,17775918,11197069
2021-06-08,1623110400000,1,158956,484564,18260482,11356025
2021-06-09,1623196800000,1,80234,458287,18718769,11436259
2021-06-10,1623283200000,1,52658,492664,19211433,11488917
2021-06-11,1623369600000,1,36721,458535,19669968,11525638
2021-06-12,1623456000000,1,33500,374219,20044187,11559138
2021-06-13,1623542400000,1,9305,114750,20158937,11568443
2021-06-14,1623628800000,1,47419,265111,20424048,11615862
2021-06-15,1623715200000,1,83159,480675,20904723,11699021
2021-06-16,1623801600000,1,116597,544051,21448774,11815618
2021-06-17,1623888000000,1,147512,550482,21999256,11963130
2021-06-18,1623974400000,1,132936,455911,22455167,12096066
2021-06-19,1624060800000,1,116840,418175,22873342,12212906
2021-06-20,1624147200000,1,26800,170030,23043372,12239706
2021-06-21,1624233600000,1,80680,222401,23265773,12320386
2021-06-22,1624320000000,1,194531,524111,23789884,12514917
2021-06-23,1624406400000,1,125124,568972,24358856,12640041
2021-06-24,1624492800000,1,129748,570586,24929442,12769789
2021-06-25,1624579200000,1,142834,552594,25482036,12912623
2021-06-26,1624665600000,1,105901,550095,26032131,13018524
2021-06-27,1624752000000,1,90507,1083632,27115763,13109031
2021-06-28,1624838400000,1,73003,304135,27419898,13182034
2021-06-29,1624924800000,1,147704,884876,28304774,13329738
2021-06-30,1625011200000,1,135761,974368,29279142,13465499
2021-07-01,1625097600000,1,158658,905250,30184392,13624157
2021-07-02,1625184000000,1,145950,707429,30891821,13770107
2021-07-03,1625270400000,1,152625,681419,31573240,13922732
2021-07-04,1625356800000,1,56832,490505,32063745,13979564
2021-07-05,1625443200000,1,56370,238523,32302268,14035934
2021-07-06,1625529600000,1,232046,873761,33176029,14267980
2021-07-07,1625616000000,1,175833,863768,34039797,14443813
2021-07-08,1625702400000,1,178689,820889,34860686,14622502
2021-07-09,1625788800000,1,246075,914881,35775567,14868577
2021-07-10,1625875200000,1,100753,417509,36193076,14969330
2021-07-11,1625961600000,1,42018,73943,36267019,15011348
2021-07-12,1626048000000,1,25120,101172,36368191,15036468
2021-07-13,1626134400000,1,154530,546416,36914607,15190998
2021-07-14,1626220800000,1,420556,1994826,38909433,15611554
2021-07-15,1626307200000,1,198545,718716,39628149,15810099
2021-07-16,1626393600000,1,130630,600662,40228811,15940729
2021-07-17,1626480000000,1,277126,1039816,41268627,16217855
2021-07-18,1626566400000,1,56295,404837,41673464,16274150
2021-07-19,1626652800000,1,126201,422067,42095531,16400351
2021-07-20,1626739200000,1,50937,249144,42344675,16451288
2021-07-21,1626825600000,1,155387,266927,42611602,16606675
2021-07-22,1626912000000,1,289525,544193,43155795,16896200
2021-07-23,1626998400000,1,257945,561459,43717254,17154145
2021-07-24,1627084800000,1,321851,390672,44107926,17475996
2021-07-25,1627171200000,1,430508,362048,44469974,17906504
2021-07-26,1627257600000,1,223374,258346,44728320,18129878
2021-07-27,1627344000000,1,536465,550229,45278549,18666343
2021-07-28,1627430400000,1,436819,456363,45734912,19103162
2021-07-29,1627516800000,1,566060,555030,46289942,19669222
2021-07-30,1627603200000,1,477199,516051,46805993,20146421
2021-07-31,1627689600000,1,388402,420521,47226514,20534823
2021-08-01,1627776000000,1,138256,251654,47478168,20673079
2021-08-02,1627862400000,1,261346,208315,47686483,20934425
2021-08-03,1627948800000,1,502483,419725,48106208,21436908
2021-08-04,1628035200000,1,528458,379057,48485265,21965366
2021-08-05,1628121600000,1,245013,348858,48834123,22210379
2021-08-06,1628208000000,1,681445,556935,49391058,22891824
2021-08-07,1628294400000,1,453440,410765,49801823,23345264
2021-08-08,1628380800000,1,432059,696117,50497940,23777323
2021-08-09,1628467200000,1,434701,132375,50630315,24212024
2021-08-10,1628553600000,1,685556,565236,51195551,24897580
2021-08-11,1628640000000,1,541720,510373,51705924,25439300
2021-08-12,1628726400000,1,305550,188642,51894566,25744850
2021-08-13,1628812800000,1,1484073,1317784,53212350,27228923
2021-08-14,1628899200000,1,564633,406520,53618870,27793556
2021-08-15,1628985600000,1,318729,69252,53688122,28112285
2021-08-16,1629072000000,1,412701,694558,54382680,28524986
2021-08-17,1629158400000,1,634063,599870,54982550,29159049
2021-08-18,1629244800000,1,244296,209944,55192494,29403345
2021-08-19,1629331200000,1,965180,853437,56045931,30368525
2021-08-20,1629417600000,1,384612,458124,56504055,30753137
2021-08-21,1629504000000,1,457785,482095,56986150,31210922
2021-08-22,1629590400000,1,390946,353157,57339307,31601868
2021-08-23,1629676800000,1,444356,440409,57779716,32046224
2021-08-24,1629763200000,1,594774,689094,58468810,32640998
2021-08-25,1629849600000,1,453507,542523,59011333,33094505
2021-08-26,1629936000000,1,262744,415601,59426934,33357249
2021-08-27,1630022400000,1,763954,1008621,60435555,34121203
2021-08-28,1630108800000,1,581618,786703,61222258,34702821
2021-08-29,1630195200000,1,155179,432418,61654676,34858000
2021-08-30,1630281600000,1,456460,640220,62294896,35314460
2021-08-31,1630368000000,1,540751,816392,63111288,35855211
2021-09-01,1630454400000,1,488009,833667,63944955,36343220
2021-09-02,1630540800000,1,516181,797646,64742601,36859401
2021-09-03,1630627200000,1,788632,1152072,65894673,37648033
2021-09-04,1630713600000,1,382619,458996,66353669,38030652
2021-09-05,1630800000000,1,192501,429004,66782673,38223153
2021-09-06,1630886400000,1,248938,372680,67155353,38472091
2021-09-07,1630972800000,1,693889,1053235,68208588,39165980
2021-09-08,1631059200000,1,555591,985951,69194539,39721571
2021-09-09,1631145600000,1,641249,1128021,70322560,40362820
2021-09-10,1631232000000,1,505173,852699,71175259,40867993
2021-09-11,1631318400000,1,666347,1073461,72248720,41534340
2021-09-12,1631404800000,1,200394,517475,72766195,41734734
2021-09-13,1631491200000,1,370105,544368,73310563,42104839
2021-09-14,1631577600000,1,460492,946952,74257515,42565331
2021-09-15,1631664000000,1,397309,883209,75140724,42962640
2021-09-16,1631750400000,1,522331,1012763,76153487,43484971
2021-09-17,1631836800000,1,639744,1264001,77417488,44124715
2021-09-18,1631923200000,1,591855,1123031,78540519,44716570
2021-09-19,1632009600000,1,417624,974837,79515356,45134194
2021-09-20,1632096000000,1,90456,142406,79657762,45224650
2021-09-21,1632182400000,1,628383,750982,80408744,45853033
2021-09-22,1632268800000,1,643144,1705044,82113788,46496177
2021-09-23,1632355200000,1,484170,1134340,83248128,46980347
2021-09-24,1632441600000,1,727794,1615771,84863899,47708141
2021-09-25,1632528000000,1,287964,569619,85433518,47996105
2021-09-26,1632614400000,1,530543,1027167,86460685,48526648
2021-09-27,1632700800000,1,388828,701841,87162526,48915476
2021-09-28,1632787200000,1,740242,1368611,88531137,49655718
2021-09-29,1632873600000,1,757275,1291850,89822987,50412993
2021-09-30,1632960000000,1,700367,1256014,91079001,51113360
2021-10-01,1633046400000,1,637337,1082000,92161001,51750697
2021-10-02,1633132800000,1,565869,905493,93066494,52316566
2021-10-03,1633219200000,1,359486,713952,93780446,52676052
2021-10-04,1633305600000,1,330871,443244,94223690,53006923
2021-10-05,1633392000000,1,649998,715527,94939217,53656921
2021-10-06,1633478400000,1,785058,842556,95781773,54441979
2021-10-07,1633564800000,1,517566,710381,96492154,54959545
2021-10-08,1633651200000,1,1146461,1654154,98146308,56106006
2021-10-09,1633737600000,1,802658,1226986,99373294,56908664
2021-10-10,1633824000000,1,500639,686187,100059481,57409303
2021-10-11,1633910400000,1,197897,262894,100322375,57607200
2021-10-12,1633996800000,1,798380,1040519,101362894,58405580
2021-10-13,1634083200000,1,1005918,1322923,102685817,59411498
2021-10-14,1634169600000,1,1010575,1622885,104308702,60422073
2021-10-15,1634256000000,1,974982,1155984,105464686,61397055
2021-10-16,1634342400000,1,769861,1205284,106669970,62166916
2021-10-17,1634428800000,1,565652,833258,107503228,62732568
2021-10-18,1634515200000,1,456232,477788,107981016,63188800
2021-10-19,1634601600000,1,820098,1024611,109005627,64008898
2021-10-20,1634688000000,1,613794,791239,109796866,64622692
2021-10-21,1634774400000,1,550456,609911,110406777,65173148
2021-10-22,1634860800000,1,1143519,1089264,111496041,66316667
2021-10-23,1634947200000,1,849065,775887,112271928,67165732
2021-10-24,1635033600000,1,749708,760840,113032768,67915440
2021-10-25,1635120000000,1,348569,391611,113424379,68264009
2021-10-26,1635206400000,1,866113,922722,114347101,69130122
2021-10-27,1635292800000,1,983496,1155423,115502524,70113618
2021-10-28,1635379200000,1,986251,1117757,116620281,71099869
2021-10-29,1635465600000,1,961208,1068833,117689114,72061077
2021-10-30,1635552000000,1,1229611,1462704,119151818,73290688
2021-10-31,1635638400000,1,408295,510430,119662248,73698983
2021-11-01,1635724800000,1,389944,390339,120052587,74088927
2021-11-02,1635811200000,1,716740,835260,120887847,74805667
2021-11-03,1635897600000,1,1023523,1087906,121975753,75829190
2021-11-04,1635984000000,1,858560,876343,122852096,76687750
2021-11-05,1636070400000,1,1000088,972103,123824199,77687838
2021-11-06,1636156800000,1,426234,331968,124156167,78114072
2021-11-07,1636243200000,1,880091,949796,125105963,78994163
2021-11-08,1636329600000,1,218312,288524,125394487,79212475
2021-11-09,1636416000000,1,858050,1064798,126459285,80070525
2021-11-10,1636502400000,1,883614,875981,127335266,80954139
2021-11-11,1636588800000,1,756960,812079,128147345,81711099
2021-11-12,1636675200000,1,1107393,942043,129089388,82818492
2021-11-13,1636761600000,1,599594,620802,129710190,83418086
2021-11-14,1636848000000,1,743673,573155,130283345,84161759
2021-11-15,1636934400000,1,390687,333169,130616514,84552446
2021-11-16,1637020800000,1,818238,676357,131292871,85370684
2021-11-17,1637107200000,1,909032,713506,132006377,86279716
2021-11-18,1637193600000,1,56207,67609,132073986,86335923
2021-11-19,1637280000000,1,1624194,1328065,133402051,87960117
2021-11-20,1637366400000,1,800080,622958,134025009,88760197
2021-11-21,1637452800000,1,460144,393277,134418286,89220341
2021-11-22,1637539200000,1,206529,195850,134614136,89426870
2021-11-23,1637625600000,1,800912,802927,135417063,90227782
2021-11-24,1637712000000,1,987204,663785,136080848,91214986
2021-11-25,1637798400000,1,1059576,632299,136713147,92274562
2021-11-26,1637884800000,1,830467,792057,137505204,93105029
2021-11-27,1637971200000,1,561810,614409,138119613,93666839
2021-11-28,1638057600000,1,672898,410618,138530231,94339737
2021-11-29,1638144000000,1,415923,378631,138908862,94755660
2021-11-30,1638230400000,1,718208,456576,139365438,95473868
2021-12-01,1638316800000,1,1045478,839608,140205046,96519346
2021-12-02,1638403200000,1,799303,680183,140885229,97318649
2021-12-03,1638489600000,1,728185,617863,141503092,98046834
2021-12-04,1638576000000,1,576784,527878,142030970,98623618
2021-12-05,1638662400000,1,385963,401377,142432347,99009581
2021-12-06,1638748800000,1,215991,268593,142700940,99225572
2021-12-07,1638835200000,1,599872,590412,143291352,99825444
2021-12-08,1638921600000,1,633828,502690,143794042,100459272
2021-12-09,1639008000000,1,690237,652282,144446324,101149509
2021-12-10,1639094400000,1,645087,639588,145085912,101794596
2021-12-11,1639180800000,1,650661,824107,145910019,102445257
2021-12-12,1639267200000,1,464925,579619,146489638,102910182
2021-12-13,1639353600000,1,188675,386321,146875959,103098857
2021-12-14,1639440000000,1,539461,592437,147468396,103638318
2021-12-15,1639526400000,1,883838,875819,148344215,104522156
2021-12-16,1639612800000,1,715965,861356,149205571,105238121
2021-12-17,1639699200000,1,782417,1043929,150249500,106020538
2021-12-18,1639785600000,1,615635,996796,151246296,106636173
2021-12-19,1639872000000,1,415390,171582,151417878,107051563
2021-12-20,1639958400000,1,128615,357719,151775597,107180178
2021-12-21,1640044800000,1,525835,820920,152596517,107706013
2021-12-22,1640131200000,1,834042,907168,153503685,108540055
2021-12-23,1640217600000,1,717016,990430,154494115,109257071
2021-12-24,1640304000000,1,698681,920409,155414524,109955752
2021-12-25,1640390400000,1,451535,768061,156182585,110407287
2021-12-26,1640476800000,1,213520,459193,156641778,110620807
2021-12-27,1640563200000,1,192049,353008,156994786,110812856
2021-12-28,1640649600000,1,752446,810019,157804805,111565302
2021-12-29,1640736000000,1,712486,1157437,158962242,112277788
2021-12-30,1640822400000,1,726580,1050201,160012443,113004368
2021-12-31,1640908800000,1,661959,1070414,161082857,113666327
2022-01-01,1640995200000,1,364111,778365,161861222,114030438
2022-01-02,1641081600000,1,72924,4039665,165900887,114103362
2022-01-03,1641168000000,1,92977,203444,166104331,114196339
2022-01-04,1641254400000,1,369597,549536,166653867,114565936
2022-01-05,1641340800000,1,256668,572376,167226243,114822604
2022-01-06,1641427200000,1,731980,773534,167999777,115554584
2022-01-07,1641513600000,1,560300,819816,168819593,116114884
2022-01-08,1641600000000,1,455024,760632,169580225,116569908
2022-01-09,1641686400000,1,250044,563401,170143626,116819952
2022-01-10,1641772800000,1,179332,392712,170536338,116999284
2022-01-11,1641859200000,1,334376,519866,171056204,117333660
2022-01-12,1641945600000,1,613814,1099390,172155594,117947474
2022-01-13,1642032000000,1,541455,1092662,173248256,118488929
2022-01-14,1642118400000,1,463085,1043329,174291585,118952014
2022-01-15,1642204800000,1,472567,1353886,175645471,119424581
2022-01-16,1642291200000,1,321951,656518,176301989,119746532
2022-01-17,1642377600000,1,246320,327952,176629941,119992852
2022-01-18,1642464000000,1,628236,629436,177259377,120621088
2022-01-19,1642550400000,1,945503,1001759,178261136,121566591
2022-01-20,1642636800000,1,811675,892608,179153744,122378266
2022-01-21,1642723200000,1,789007,867910,180021654,123167273
2022-01-22,1642809600000,1,615113,692896,180714550,123782386
2022-01-23,1642896000000,1,298408,416783,181131333,124080794
2022-01-24,1642982400000,1,253678,246186,181377519,124334472
2022-01-25,1643068800000,1,772370,646501,182024020,125106842
2022-01-26,1643155200000,1,566671,476807,182500827,125673513
2022-01-27,1643241600000,1,739951,559208,183060035,126413464
2022-01-28,1643328000000,1,751062,616997,183677032,127164526
2022-01-29,1643414400000,1,562947,510006,184187038,127727473
2022-01-30,1643500800000,1,278290,370677,184557715,128005763
2022-01-31,1643587200000,1,22311,123282,184680997,128028074
2022-02-01,1643673600000,1,627615,440655,185121652,128655689
2022-02-02,1643760000000,1,81977,115894,185237546,128737666
2022-02-03,1643846400000,1,667861,385020,185622566,129405527
2022-02-04,1643932800000,1,716993,396673,186019239,130122520
2022-02-05,1644019200000,1,661679,368832,186388071,130784199
2022-02-06,1644105600000,1,296532,201679,186589750,131080731
2022-02-07,1644192000000,1,38694,113640,186703390,131119425
2022-02-08,1644278400000,1,970694,344172,187047562,132090119
2022-02-09,1644364800000,1,577872,242445,187290007,132667991
2022-02-10,1644451200000,1,1035757,406703,187696710,133703748
2022-02-11,1644537600000,1,700241,222044,187918754,134403989
2022-02-12,1644624000000,1,805244,141952,188060706,135209233
2022-02-13,1644710400000,1,557443,222145,188282851,135766676
2022-02-14,1644796800000,1,47353,55693,188338544,135814029
2022-02-15,1644883200000,1,833899,252141,188590685,136647928
2022-02-16,1644969600000,1,837447,242795,188833480,137485375
2022-02-17,1645056000000,1,795584,233936,189067416,138280959
2022-02-18,1645142400000,1,859508,239968,189307384,139140467
2022-02-19,1645228800000,1,805661,226314,189533698,139946128
2022-02-20,1645315200000,1,354959,113219,189646917,140301087
2022-02-21,1645401600000,1,119384,47165,189694082,140420471
2022-02-22,1645488000000,1,621930,191776,189885858,141042401
2022-02-23,1645574400000,1,763929,207044,190092902,141806330
2022-02-24,1645660800000,1,710916,217607,190310509,142517246
2022-02-25,1645747200000,1,763049,220605,190531114,143280295
2022-02-26,1645833600000,1,494396,141174,190672288,143774691
2022-02-27,1645920000000,1,3932,269,190672557,143778623
2022-02-28,1646006400000,1,680133,297042,190969599,144458756
2022-03-01,1646092800000,1,47050,7235,190976834,144505806
2022-03-02,1646179200000,1,1191,680,190977514,144506997
2022-03-03,1646265600000,1,1697144,132895,191110409,146204141
2022-03-04,1646352000000,1,350743,521033,191631442,146554884
2022-03-05,1646438400000,1,725625,203986,191835428,147280509
2022-03-06,1646524800000,1,577802,168062,192003490,147858311
2022-03-07,1646611200000,1,163040,65273,192068763,148021351
2022-03-08,1646697600000,1,566367,194941,192263704,148587718
2022-03-09,1646784000000,1,402204,148944,192412648,148989922
2022-03-10,1646870400000,1,803609,364313,192776961,149793531
2022-03-11,1646956800000,1,487103,237353,193014314,150280634
2022-03-12,1647043200000,1,493147,215164,193229478,150773781
2022-03-13,1647129600000,1,604945,171016,193400494,151378726
2022-03-14,1647216000000,1,107698,73543,193474037,151486424
2022-03-15,1647302400000,1,335419,184827,193658864,151821843
2022-03-16,1647388800000,1,583348,244613,193903477,152405191
2022-03-17,1647475200000,1,324397,232651,194136128,152729588
2022-03-18,1647561600000,1,718563,301391,194437519,153448151
2022-03-19,1647648000000,1,201247,122093,194559612,153649398
2022-03-20,1647734400000,1,617951,0,194559612,154267349
2022-03-21,1647820800000,1,102731,225881,194785493,154370080
2022-03-22,1647907200000,1,1021670,121407,194906900,155391750
2022-03-23,1647993600000,1,747766,322631,195229531,156139516
2022-03-24,1648080000000,1,196896,137294,195366825,156336412
2022-03-25,1648166400000,1,299923,166512,195533337,156636335
2022-03-26,1648252800000,1,933620,185728,195719065,157569955
2022-03-27,1648339200000,1,270803,170150,195889215,157840758
2022-03-28,1648425600000,1,133749,68824,195958039,157974507
2022-03-29,1648512000000,1,855959,282832,196240871,158830466
2022-03-30,1648598400000,1,195509,113796,196354667,159025975
2022-03-31,1648684800000,1,299285,179599,196534266,159325260
2022-04-01,1648771200000,1,361232,184834,196719100,159686492
2022-04-02,1648857600000,1,264499,131237,196850337,159950991
2022-04-03,1648944000000,1,37176,21872,196872209,159988167
2022-04-04,1649030400000,1,118944,7907,196880116,160107111
2022-04-05,1649116800000,1,101,39,196880155,160107212
2022-04-06,1649203200000,1,634177,227752,197107907,160741389
2022-04-07,1649289600000,1,194526,108988,197216895,160935915
2022-04-08,1649376000000,1,183192,96668,197313563,161119107
2022-04-09,1649462400000,1,213931,90829,197404392,161333038
2022-04-10,1649548800000,1,90366,89019,197493411,161423404
2022-04-11,1649635200000,1,110585,47031,197540442,161533989
2022-04-12,1649721600000,1,227644,119894,197660336,161761633
2022-04-13,1649808000000,1,170872,55216,197715552,161932505
2022-04-14,1649894400000,1,272468,195213,197910765,162204973
2022-04-15,1649980800000,1,167137,101354,198012119,162372110
2022-04-16,1650067200000,1,188521,87890,198100009,162560631
2022-04-17,1650153600000,1,189426,91829,198191838,162750057
2022-04-18,1650240000000,1,129038,56228,198248066,162879095
2022-04-19,1650326400000,1,157719,103372,198351438,163036814
2022-04-20,1650412800000,1,143314,127225,198478663,163180128
2022-04-21,1650499200000,1,178519,118342,198597005,163358647
2022-04-22,1650585600000,1,351045,142661,198739666,163709692
2022-04-23,1650672000000,1,165150,91448,198831114,163874842
2022-04-24,1650758400000,1,79188,69208,198900322,163954030
2022-04-25,1650844800000,1,69653,46039,198946361,164023683
2022-04-26,1650931200000,1,156473,93272,199039633,164180156
2022-04-27,1651017600000,1,158697,74081,199113714,164338853
2022-04-28,1651104000000,1,318457,78179,199191893,164657310
2022-04-29,1651190400000,1,394979,104265,199296158,165052289
2022-04-30,1651276800000,1,81970,50370,199346528,165134259
2022-05-01,1651363200000,1,95801,0,199346528,165230060
2022-05-02,1651449600000,1,146931,0,199346528,165376991
2022-05-03,1651536000000,1,48264,0,199346528,165425255
2022-05-04,1651622400000,1,0,0,199346528,165425255
2022-05-05,1651708800000,1,175678,0,199346528,165600933
2022-05-06,1651795200000,1,12828,0,199346528,165613761
2022-05-07,1651881600000,1,18407,0,199346528,165632168
2022-05-08,1651968000000,1,9823,0,199346528,165641991
2022-05-09,1652054400000,1,14112,0,199346528,165656103
2022-05-10,1652140800000,1,51584,6037,199352565,165707687
2022-05-11,1652227200000,1,132169,43289,199395854,165839856
2022-05-12,1652313600000,1,129279,54813,199450667,165969135
2022-05-13,1652400000000,1,111396,62878,199513545,166080531
2022-05-14,1652486400000,1,79967,42913,199556458,166160498
2022-05-15,1652572800000,1,91850,48035,199604493,166252348
2022-05-16,1652659200000,1,20831,20913,199625406,166273179
2022-05-17,1652745600000,1,17579,19065,199644471,166290758
2022-05-18,1652832000000,1,116223,70974,199715445,166406981
2022-05-19,1652918400000,1,85293,26357,199741802,166492274
2022-05-20,1653004800000,1,140428,56909,199798711,166632702
2022-05-21,1653091200000,1,132018,45565,199844276,166764720
2022-05-22,1653177600000,1,72895,39277,199883553,166837615
2022-05-23,1653264000000,1,73842,33777,199917330,166911457
2022-05-24,1653350400000,1,60416,37740,199955070,166971873
2022-05-25,1653436800000,1,96507,60675,200015745,167068380
2022-05-26,1653523200000,1,88476,68335,200084080,167156856
2022-05-27,1653609600000,1,41281,28782,200112862,167198137
2022-05-28,1653696000000,1,66252,50664,200163526,167264389
2022-05-29,1653782400000,1,60741,34662,200198188,167325130
2022-05-30,1653868800000,1,5002,3994,200202182,167330132
2022-05-31,1653955200000,1,90678,65226,200267408,167420810
2022-06-01,1654041600000,1,86435,60417,200327825,167507245
2022-06-02,1654128000000,1,0,0,200327825,167507245
2022-06-03,1654214400000,1,91160,66963,200394788,167598405
